indicator,region,source,hazard_class,category,subcategory,2015,2016,2017,2018,2019,2020,2021,2022,2023,2024,years_with_data
Обсяг утворених відходів,Україна,Загалом,I-IV. Відходи в цілому,За категоріями відходів за матеріалом (МП),Деревні відходи,683100.0,933800.0,779900.0,829800.0,827900.0,750100.0,697700.0,650600.0,659100.0,544400.0,10
Обсяг утворених відходів,Україна,"Підприємства, що здійснюють утворення та оброблення відходів за місцем фактичної діяльності",I-IV. Відходи в цілому,За видами КВЕД,"Водопостачання; каналізація, поводження з відходами",594200.0,457400.0,408700.0,397400.0,,338300.0,,520700.00000000006,506600.0,562800.0,8
Обсяг утворених відходів,Україна,Загалом,I-IV. Відходи в цілому,За категоріями відходів за матеріалом (МП),Скляні відходи,22300.0,25800.0,34300.0,41900.0,19800.0,21000.0,23600.0,11600.0,14300.0,12600.0,10
Обсяг утворених відходів,Україна,"Підприємства, що здійснюють утворення та оброблення відходів за місцем фактичної діяльності",I-III. Небезпечні відходи,За видами КВЕД,"Забір, очищення та постачання води",400.0,500.0,300.0,4600.0,,14700.0,,100.0,200.0,100.0,8
Обсяг утворених відходів,Україна,"Підприємства, що здійснюють утворення та оброблення відходів за місцем фактичної діяльності",IV. Не небезпечні відходи,За видами КВЕД,Інші види економічної діяльності,1006900.0,967800.0,967800.0,728900.0,,,,1463900.0,859600.0,1259600.0,7
Обсяг утворених відходів,Україна,Загалом,I-IV. Відходи в цілому,За категоріями відходів за матеріалом (МП),Осад промислових стоків,3209900.0,3919800.0,3648700.0,3630300.0,3346100.0,3462100.0,3258300.0,442100.0,759700.0,425800.0,10
Обсяг утворених відходів,Україна,"Підприємства, що здійснюють утворення та оброблення відходів за місцем фактичної діяльності",I-IV. Відходи в цілому,За видами КВЕД,"Сільське господарство, лісове господарство та рибне господарство",8736800.0,8715500.0,6188200.0,5968100.0,,5315400.0,,4240000.0,5450400.0,3442100.0,8
Обсяг утворених відходів,Україна,"Підприємства, що здійснюють утворення та оброблення відходів за місцем фактичної діяльності",I-IV. Відходи в цілому,За видами КВЕД,Інша діяльність щодо поводження з відходами,2000.0,2500.0,2000.0,2300.0,,2100.0,,2000.0,6500.0,8700.0,8
Обсяг утворених відходів,Україна,"Підприємства, що здійснюють утворення та оброблення відходів за місцем фактичної діяльності",IV. Не небезпечні відходи,За видами КВЕД,"Збирання, оброблення й видалення відходів; відновлення матеріалів",176900.0,109300.0,109300.0,70000.0,,10200.0,,167500.0,106400.0,112900.0,8
Обсяг утворених відходів,Україна,"Підприємства, що здійснюють утворення та оброблення відходів за місцем фактичної діяльності",IV. Не небезпечні відходи,За видами КВЕД,"Каналізація, відведення й очищення стічних вод",14500.0,57300.0,57300.0,109700.0,,94900.0,,223300.0,242000.0,259500.0,8
Обсяг утворених відходів,Україна,"Підприємства, що здійснюють утворення та оброблення відходів за місцем фактичної діяльності",I-III. Небезпечні відходи,За видами КВЕД,"Водопостачання; каналізація, поводження з відходами",3600.0,3100.0,1400.0,7200.0,,14900.0,,500.0,400.0,300.0,8
Обсяг утворених відходів,Україна,Загалом,I-IV. Відходи в цілому,За категоріями відходів за матеріалом (МП),Відходи тваринного походження та змішані харчові відходи,897000.0,990600.0,587600.0,607500.0,441000.0,405400.0,353800.0,282300.0,241600.0,136000.0,10
Обсяг утворених відходів,Україна,Загалом,I-IV. Відходи в цілому,За категоріями відходів за матеріалом (МП),Непридатне обладнання,14400.0,10800.0,15900.0,9700.0,5900.0,5000.0,6500.0,2500.0,14700.0,11000.0,10
Обсяг утворених відходів,Україна,"Підприємства, що здійснюють утворення та оброблення відходів за місцем фактичної діяльності",IV. Не небезпечні відходи,За видами КВЕД,Виробництво харчових продуктів,,,,,,4121200.0,,1768000.0,,2077000.0,3
Обсяг утворених відходів,Україна,"Підприємства, що здійснюють утворення та оброблення відходів за місцем фактичної діяльності",IV. Не небезпечні відходи,За видами КВЕД,Переробна промисловість,30596000.0,31678600.0,31678600.0,31050300.0,,51895600.0,,7792900.0,7073300.0,7720300.0,8
Обсяг утворених відходів,Україна,"Підприємства, що здійснюють утворення та оброблення відходів за місцем фактичної діяльності",I-III. Небезпечні відходи,За видами КВЕД,Виробництво основних фармацевтичних продуктів і фармацевтичних препаратів,,,,,,2000.0,,1400.0,,900.0,3
Обсяг утворених відходів,Україна,"Підприємства, що здійснюють утворення та оброблення відходів за місцем фактичної діяльності",I-IV. Відходи в цілому,За видами КВЕД,Виробництво хімічних речовин і хімічної продукції,703300.0,840000.0,1242900.0,1227800.0,,1482200.0,,752500.0,909300.0,631200.0,8
Обсяг утворених відходів,Україна,"Підприємства, що здійснюють утворення та оброблення відходів за місцем фактичної діяльності",IV. Не небезпечні відходи,За видами КВЕД,Добування металевих руд,,,,,,366891100.0,,169961100.0,,206515400.0,3
Обсяг утворених відходів,Україна,"Підприємства, що здійснюють утворення та оброблення відходів за місцем фактичної діяльності",I-IV. Відходи в цілому,За видами КВЕД,Добування кам'яного та бурого вугілля,12084700.0,10495800.0,12916400.0,10858500.0,,14576700.0,,11835000.0,13189900.0,10796000.0,8
Обсяг утворених відходів,Україна,"Підприємства, що здійснюють утворення та оброблення відходів за місцем фактичної діяльності",I-IV. Відходи в цілому,За видами КВЕД,Металургійне виробництво,20725600.0,22264500.0,21980000.0,21799300.0,,43650000.0,,3992900.0,2455500.0,3388500.0,8
Обсяг утворених відходів,Україна,Загалом,I-IV. Відходи в цілому,За категоріями відходів за матеріалом (МП),Відпрацьовані оливи,15500.0,14000.0,17100.0,14600.0,14400.0,19300.0,17400.0,13800.0,12300.0,17400.0,10
Обсяг утворених відходів,Україна,"Підприємства, що здійснюють утворення та оброблення відходів за місцем фактичної діяльності",I-III. Небезпечні відходи,За видами КВЕД,"Сільське господарство, лісове господарство та рибне господарство",93600.0,80600.0,20300.0,53100.0,,25700.0,,46800.0,46200.0,3300.0,8
Обсяг утворених відходів,Україна,Загалом,I-IV. Відходи в цілому,За категоріями відходів за матеріалом (МП),Пластикові відходи,42900.0,51900.0,48600.0,47200.0,50300.0,40800.0,56700.0,63100.0,40000.0,34900.0,10
Обсяг утворених відходів,Україна,"Підприємства, що здійснюють утворення та оброблення відходів за місцем фактичної діяльності",I-IV. Відходи в цілому,За видами КВЕД,"Постачання електроенергії, газу, пари та кондиційованого повітря",6597500.0,7511500.0,6191700.0,6322700.0,,5333700.0,,3164300.0,3407100.0,2607100.0,8
Обсяг утворених відходів,Україна,"Підприємства, що здійснюють утворення та оброблення відходів за місцем фактичної діяльності",IV. Не небезпечні відходи,За видами КВЕД,Виробництво основних фармацевтичних продуктів і фармацевтичних препаратів,,,,,,12700.0,,9400.0,,11100.0,3
Обсяг утворених відходів,Україна,"Підприємства, що здійснюють утворення та оброблення відходів за місцем фактичної діяльності",I-IV. Відходи в цілому,За видами КВЕД,Добування інших корисних копалин та розроблення кар'єрів,1921600.0,4378100.0,6956400.0,8038300.0,,9299700.0,,223400.0,155800.0,413400.0,8
Обсяг утворених відходів,Україна,Загалом,I-IV. Відходи в цілому,За категоріями відходів за матеріалом (МП),Відходи акумуляторів та батарей,7200.0,4000.0,4100.0,3800.0,4500.0,4200.0,5000.0,2100.0,4400.0,3200.0,10
Обсяг утворених відходів,Україна,"Підприємства, що здійснюють утворення та оброблення відходів за місцем фактичної діяльності",I-III. Небезпечні відходи,За видами КВЕД,Виробництво харчових продуктів,,,,,,37500.0,,2400.0,,5700.0,3
Обсяг утворених відходів,Україна,"Підприємства, що здійснюють утворення та оброблення відходів за місцем фактичної діяльності",I-III. Небезпечні відходи,За видами КВЕД,"Каналізація, відведення й очищення стічних вод",100.0,0.0,200.0,100.0,,0.0,,,0.0,0.0,7
Обсяг утворених відходів,Україна,"Підприємства, що здійснюють утворення та оброблення відходів за місцем фактичної діяльності",I-III. Небезпечні відходи,За видами КВЕД,Добування металевих руд,,,,,,9900.0,,2800.0,,900.0,3
Обсяг утворених відходів,Україна,"Підприємства, що здійснюють утворення та оброблення відходів за місцем фактичної діяльності",I-IV. Відходи в цілому,За видами КВЕД,Інші види економічної діяльності,1047200.0,984600.0,998700.0,751300.0,,,,1477200.0,880700.0,1280800.0,7
Обсяг утворених відходів,Україна,"Підприємства, що здійснюють утворення та оброблення відходів за місцем фактичної діяльності",I-IV. Відходи в цілому,За видами КВЕД,"Збирання, оброблення й видалення відходів; відновлення матеріалів",180000.0,136200.0,110200.0,72500.0,,10400.0,,167800.0,106500.0,113100.0,8
Обсяг утворених відходів,Україна,Загалом,I-IV. Відходи в цілому,За категоріями відходів за матеріалом (МП),Шлами та рідкі відходи очисних споруд,249800.0,838300.0,971700.0,793900.0,792200.0,860600.0,1035000.0,658800.0,284700.0,14500.0,10
Обсяг утворених відходів,Україна,"Підприємства, що здійснюють утворення та оброблення відходів за місцем фактичної діяльності",I-IV. Відходи в цілому,За видами КВЕД,Виробництво напоїв,939200.0,646400.0,394200.0,447400.0,,325800.0,,272000.0,452800.0,360700.0,8
Обсяг утворених відходів,Україна,"Підприємства, що здійснюють утворення та оброблення відходів за місцем фактичної діяльності",I-III. Небезпечні відходи,За видами КВЕД,Будівництво,1100.0,700.0,1700.0,1700.0,,200.0,,300.0,500.0,5400.0,8
Обсяг утворених відходів,Україна,"Підприємства, що здійснюють утворення та оброблення відходів за місцем фактичної діяльності",I-III. Небезпечні відходи,За видами КВЕД,Інші види економічної діяльності,40300.0,43800.0,30900.0,22400.0,,,,13400.0,21100.0,20900.0,7
Обсяг утворених відходів,Україна,"Підприємства, що здійснюють утворення та оброблення відходів за місцем фактичної діяльності",IV. Не небезпечні відходи,За видами КВЕД,"Забір, очищення та постачання води",397200.0,238700.0,238700.0,208200.0,,216200.0,,127400.0,151400.0,181400.0,8
Обсяг утворених відходів,Україна,Загалом,I-IV. Відходи в цілому,За категоріями відходів за матеріалом (МП),Відходи від медичної допомоги та біологічні,900.0,700.0,600.0,700.0,900.0,1100.0,1500.0,1400.0,1800.0,9500.0,10
Обсяг утворених відходів,Україна,"Підприємства, що здійснюють утворення та оброблення відходів за місцем фактичної діяльності",IV. Не небезпечні відходи,За видами КВЕД,"Постачання електроенергії, газу, пари та кондиційованого повітря",6591100.0,6180800.0,6180800.0,6302300.0,,5319200.0,,3153000.0,3385100.0,2599500.0,8
Обсяг утворених відходів,Україна,Загалом,I-IV. Відходи в цілому,За категоріями відходів за матеріалом (МП),Відходи чорних металів,3396700.0,3706000.0,3556000.0,3402200.0,2801400.0,2491900.0,2657900.0,627800.0,526100.0,374600.0,10
Обсяг утворених відходів,Україна,Загалом,I-IV. Відходи в цілому,За категоріями відходів за матеріалом (МП),"Відходи кислот, лугів чи солей",384900.0,278600.0,213100.0,375400.0,399500.0,392700.0,487300.0,151800.0,117400.0,4800.0,10
Обсяг утворених відходів,Україна,"Підприємства, що здійснюють утворення та оброблення відходів за місцем фактичної діяльності",I-III. Небезпечні відходи,За видами КВЕД,Добувна промисловість і розроблення кар'єрів,37600.0,30000.0,39600.0,39500.0,,30000.0,,16100.000000000002,16100.000000000002,15700.0,8
Обсяг утворених відходів,Україна,Загалом,I-IV. Відходи в цілому,За категоріями відходів за матеріалом (МП),Гумові відходи,22900.0,20300.0,26400.0,21900.0,19500.0,19900.0,22300.0,14500.0,16500.0,33200.0,10
Обсяг утворених відходів,Україна,"Підприємства, що здійснюють утворення та оброблення відходів за місцем фактичної діяльності",IV. Не небезпечні відходи,За видами КВЕД,Металургійне виробництво,,,,,,43558100.0,,3950000.0,,3374200.0,3
Обсяг утворених відходів,Україна,"Підприємства, що здійснюють утворення та оброблення відходів за місцем фактичної діяльності",IV. Не небезпечні відходи,За видами КВЕД,Виробництво хімічних речовин і хімічної продукції,,,,,,1324100.0,,691300.0,,629600.0,3
Обсяг утворених відходів,Україна,"Підприємства, що здійснюють утворення та оброблення відходів за місцем фактичної діяльності",I-IV. Відходи в цілому,За видами КВЕД,Переробна промисловість,31000500.0,34093000.0,32176700.0,31523200.0,,52311000.0,,7947200.0,7188400.0,7764900.0,8
Обсяг утворених відходів,Україна,"Підприємства, що здійснюють утворення та оброблення відходів за місцем фактичної діяльності",I-III. Небезпечні відходи,За видами КВЕД,Виробництво напоїв,,,,,,700.0,,200.0,,100.0,3
Обсяг утворених відходів,Україна,"Підприємства, що здійснюють утворення та оброблення відходів за місцем фактичної діяльності",I-III. Небезпечні відходи,За видами КВЕД,"Збирання, оброблення й видалення відходів; відновлення матеріалів",3100.0,2600.0,900.0,2500.0,,200.0,,300.0,100.0,200.0,8
Обсяг утворених відходів,Україна,Загалом,I-IV. Відходи в цілому,За категоріями відходів за матеріалом (МП),Непридатні транспортні засоби,3100.0,2000.0,1200.0,1600.0,1200.0,1000.0,10600.0,200.0,400.0,900.0,10
Обсяг утворених відходів,Україна,"Підприємства, що здійснюють утворення та оброблення відходів за місцем фактичної діяльності",I-IV. Відходи в цілому,За видами КВЕД,Виробництво харчових продуктів,4222200.0,5089800.0,6446500.0,5818400.0,,4158700.0,,1770400.0,2011300.0,2082699.9999999998,8
Обсяг утворених відходів,Україна,"Підприємства, що здійснюють утворення та оброблення відходів за місцем фактичної діяльності",I-III. Небезпечні відходи,За видами КВЕД,Добування інших корисних копалин та розроблення кар'єрів,,,,,,1300.0,,200.0,,4600.0,3
Обсяг утворених відходів,Україна,"Підприємства, що здійснюють утворення та оброблення відходів за місцем фактичної діяльності",I-IV. Відходи в цілому,За видами КВЕД,"Каналізація, відведення й очищення стічних вод",14600.0,10600.0,57500.0,109800.0,,94900.0,,223300.0,242100.0,259500.0,8
Обсяг утворених відходів,Україна,Загалом,I-IV. Відходи в цілому,За категоріями відходів за матеріалом (МП),"Відходи, що містять поліхлордифеніли",500.0,100.0,200.0,200.0,300.0,200.0,200.0,100.0,100.0,0.0,10
Обсяг утворених відходів,Україна,"Підприємства, що здійснюють утворення та оброблення відходів за місцем фактичної діяльності",IV. Не небезпечні відходи,За видами КВЕД,"Сільське господарство, лісове господарство та рибне господарство",8643200.0,6167900.0,6167900.0,5915000.0,,5289700.0,,4193200.0,5404200.0,3438900.0,8
Обсяг утворених відходів,Україна,Загалом,I-IV. Відходи в цілому,За категоріями відходів за матеріалом (МП),Хімічні відходи,913400.0,940700.0,834200.0,806100.0,620400.0,663200.0,533400.0,168800.0,320800.0,25600.0,10
Обсяг утворених відходів,Україна,"Підприємства, що здійснюють утворення та оброблення відходів за місцем фактичної діяльності",I-III. Небезпечні відходи,За видами КВЕД,Інша діяльність щодо поводження з відходами,0.0,0.0,0.0,0.0,,0.0,,100.0,100.0,0.0,8
Обсяг утворених відходів,Україна,"Підприємства, що здійснюють утворення та оброблення відходів за місцем фактичної діяльності",IV. Не небезпечні відходи,За видами КВЕД,"Водопостачання; каналізація, поводження з відходами",590600.0,407300.0,407300.0,390200.0,,323400.0,,520200.00000000006,506200.0,562500.0,8
Обсяг утворених відходів,Україна,Загалом,I-IV. Відходи в цілому,За категоріями відходів за матеріалом (МП),Відходи кольорових металів,30100.0,23500.0,28300.0,40600.0,27100.0,24300.0,26000.0,22400.0,18500.0,24100.0,10
Обсяг утворених відходів,Україна,"Підприємства, що здійснюють утворення та оброблення відходів за місцем фактичної діяльності",I-IV. Відходи в цілому,За видами КВЕД,Добування металевих руд,238156600.0,222476600.0,293710500.0,282481900.0,,366901000.0,,169963900.0,147566000.0,206516300.0,8
Обсяг утворених відходів,Україна,"Підприємства, що здійснюють утворення та оброблення відходів за місцем фактичної діяльності",IV. Не небезпечні відходи,За видами КВЕД,Добування кам'яного та бурого вугілля,,,,,,14576200.0,,11832500.0,,10796000.0,3
Обсяг утворених відходів,Україна,Загалом,I-IV. Відходи в цілому,За категоріями відходів за матеріалом (МП),Використані розчинники,31600.0,1100.0,1000.0,1200.0,1500.0,2400.0,2200.0,4500.0,1600.0,900.0,10
Обсяг утворених відходів,Україна,"Підприємства, що здійснюють утворення та оброблення відходів за місцем фактичної діяльності",I-III. Небезпечні відходи,За видами КВЕД,Переробна промисловість,404500.0,449400.0,498100.0,472900.0,,415400.0,,154300.0,115100.0,44700.0,8
Обсяг утворених відходів,Україна,Загалом,I-IV. Відходи в цілому,За категоріями відходів за матеріалом (МП),Текстильні відходи,8000.0,18800.0,20800.0,15900.0,12400.0,21900.0,14200.0,20800.0,7800.0,6500.0,10
Обсяг утворених відходів,Україна,"Підприємства, що здійснюють утворення та оброблення відходів за місцем фактичної діяльності",I-IV. Відходи в цілому,За видами КВЕД,Будівництво,376200.0,300200.0,493800.0,378800.0,,14500.0,,286300.0,617500.0,654600.0,8
Обсяг утворених відходів,Україна,Загалом,I-IV. Відходи в цілому,За категоріями відходів за матеріалом (МП),Паперові та картонні відходи,111000.0,184500.0,183500.0,146400.0,129500.0,140800.0,186900.0,569800.0,169700.0,170500.0,10
Обсяг утворених відходів,Україна,"Підприємства, що здійснюють утворення та оброблення відходів за місцем фактичної діяльності",I-IV. Відходи в цілому,За видами КВЕД,Добувна промисловість і розроблення кар'єрів,257861900.0,237461400.0,313738200.0,301448900.0,,391077900.0,,182057200.0,160960500.0,217785200.0,8
Обсяг утворених відходів,Україна,"Підприємства, що здійснюють утворення та оброблення відходів за місцем фактичної діяльності",IV. Не небезпечні відходи,За видами КВЕД,Інша діяльність щодо поводження з відходами,2000.0,2000.0,2000.0,2300.0,,2100.0,,2000.0,6400.0,8700.0,8
Обсяг утворених відходів,Україна,"Підприємства, що здійснюють утворення та оброблення відходів за місцем фактичної діяльності",I-IV. Відходи в цілому,За видами КВЕД,"Забір, очищення та постачання води",397600.0,308100.0,239000.0,212800.0,,230900.0,,127600.0,151500.0,181500.0,8
Обсяг утворених відходів,Україна,"Підприємства, що здійснюють утворення та оброблення відходів за місцем фактичної діяльності",I-III. Небезпечні відходи,За видами КВЕД,"Постачання електроенергії, газу, пари та кондиційованого повітря",6400.0,11100.0,10900.0,20400.0,,14500.0,,11200.0,22000.0,7600.0,8
Обсяг утворених відходів,Україна,"Підприємства, що здійснюють утворення та оброблення відходів за місцем фактичної діяльності",IV. Не небезпечні відходи,За видами КВЕД,Виробництво напоїв,,,,,,325100.0,,271800.0,,360600.0,3
Обсяг утворених відходів,Україна,"Підприємства, що здійснюють утворення та оброблення відходів за місцем фактичної діяльності",IV. Не небезпечні відходи,За видами КВЕД,Добувна промисловість і розроблення кар'єрів,257824300.0,313698600.0,313698600.0,301409400.0,,391047900.0,,182041100.0,160944400.0,217769400.0,8
Обсяг утворених відходів,Україна,"Підприємства, що здійснюють утворення та оброблення відходів за місцем фактичної діяльності",I-III. Небезпечні відходи,За видами КВЕД,Виробництво хімічних речовин і хімічної продукції,,,,,,158100.0,,61200.0,,1600.0,3
Обсяг утворених відходів,Україна,"Підприємства, що здійснюють утворення та оброблення відходів за місцем фактичної діяльності",I-III. Небезпечні відходи,За видами КВЕД,Металургійне виробництво,,,,,,91900.0,,42900.0,,14300.0,3
Обсяг утворених відходів,Україна,"Підприємства, що здійснюють утворення та оброблення відходів за місцем фактичної діяльності",I-IV. Відходи в цілому,За видами КВЕД,Виробництво основних фармацевтичних продуктів і фармацевтичних препаратів,10800.0,12000.0,12500.0,11500.0,,14700.0,,10800.0,11500.0,12000.0,8
Обсяг утворених відходів,Україна,Загалом,I-IV. Відходи в цілому,За категоріями відходів за матеріалом (МП),Змішані відходи чорних та кольорових металів,9600.0,10400.0,7400.0,34100.0,13700.0,10300.0,14100.0,6000.0,12900.0,304400.0,10
Обсяг утворених відходів,Україна,"Підприємства, що здійснюють утворення та оброблення відходів за місцем фактичної діяльності",IV. Не небезпечні відходи,За видами КВЕД,Будівництво,375100.0,492100.0,492100.0,377100.0,,14300.0,,286000.0,617000.0,649200.0,8
Обсяг утворених відходів,Україна,"Підприємства, що здійснюють утворення та оброблення відходів за місцем фактичної діяльності",IV. Не небезпечні відходи,За видами КВЕД,Добування інших корисних копалин та розроблення кар'єрів,,,,,,9298400.0,,223300.0,,408800.0,3
Обсяг утворених відходів,Україна,Загалом,I-IV. Відходи в цілому,За категоріями відходів за матеріалом (МП),"Затверділі, стабілізовані або засклянілі відходи; мінеральні відходи, що утворюються після переробки",522200.00000000006,311200.0,48900.0,51400.0,25700.0,22700.0,24800.0,21300.0,18200.0,45700.0,10
Обсяг утворених відходів,Україна,Загалом,I-IV. Відходи в цілому,За категоріями відходів за матеріалом (МП),Відходи згоряння,13896000.0,13829900.0,14157000.0,13553500.0,12661500.0,10845700.0,11560700.0,4923100.0,3668300.0,4462600.0,10
Обсяг утворених відходів,Україна,Загалом,I-IV. Відходи в цілому,За категоріями відходів за матеріалом (МП),"Інші мінеральні відходи (за виключенням пунктів 12.1, 12.4, 12.6, 12.7, 12.8)",235700200.0,225883500.0,265602000.0,273157700.0,286785600.0,404649400.0,437015000.0,175378000.0,152475600.0,217766800.0,10
Обсяг утворених відходів,Україна,Загалом,I-IV. Відходи в цілому,За категоріями відходів за матеріалом (МП),"Мінеральні відходи будівництва та знесення об'єктів, у тому числі змішані будівельні відходи",897500.0,822500.0,974100.0,1023100.0,919400.0,873200.0,836100.0,319900.0,545600.0,593200.0,10
Обсяг утворених відходів,Україна,Загалом,I-IV. Відходи в цілому,За категоріями відходів за матеріалом (МП),Усього,312267600.0,295870100.0,366054000.0,352333900.0,441516500.0,462373500.0,493271100.0,204358500.0,183196800.0,238338600.0,10
Обсяг утворених відходів,Україна,Загалом,I-IV. Відходи в цілому,За категоріями відходів за матеріалом (МП),Побутові та подібні відходи,6789200.0,6946200.0,6183200.0,6211200.0,6618000.0,6672000.0,6483500.0,5441500.0,4954000.0,5485100.0,10
Обсяг утворених відходів,Україна,Загалом,I-IV. Відходи в цілому,За категоріями відходів за матеріалом (МП),Ґрунтові відходи,788200.0,501700.0,367200.0,451700.0,1360600.0,1332800.0,1053800.0,645900.0,632600.0,29900.0,10
Обсяг утворених відходів,Україна,Загалом,I-IV. Відходи в цілому,За категоріями відходів за матеріалом (МП),"Тваринні екскременти, сеча та гній",4938000.0,4288700.0,3653400.0,3233800.0,3612900.0,3314700.0,3268700.0,2849600.0,2991500.0,2567800.0,10
Обсяг утворених відходів,Україна,Загалом,I-IV. Відходи в цілому,За категоріями відходів за матеріалом (МП),Змішані та недиференційовані матеріали,7380900.0,9429100.0,9699000.0,9164100.0,9940300.0,6906300.0,6743400.0,1293600.0,1465100.0,2055900.0,10
Обсяг утворених відходів,Україна,Загалом,I-IV. Відходи в цілому,За категоріями відходів за матеріалом (МП),Пуста порода від днопоглиблювальних робіт,23125100.0,12500100.0,45028000.0,26126000.0,101361900.0,11947500.0,11965500.0,6366300.0,8198799.999999999,,9
Обсяг утворених відходів,Україна,Загалом,I-IV. Відходи в цілому,За категоріями відходів за матеріалом (МП),Відходи рослинного походження,7742300.0,8606000.0,8782300.0,7829300.0,8068600.0,6101800.0,4433900.0,3129000.0,4643100.0,2219100.0,10
Обсяг утворених відходів,Україна,Загалом,I-IV. Відходи в цілому,За категоріями відходів за матеріалом (МП),Звичайний осад,397600.0,693600.0,515100.0,643500.0,563300.0,334100.0,443700.0,261700.0,366600.0,953700.0,10
Обсяг утворених відходів,Україна,Загалом,I-IV. Відходи в цілому,За категоріями відходів за матеріалом (МП),Залишки сортування,35600.0,81900.0,63200.0,63600.0,69200.0,35100.0,31400.0,13600.0,13000.0,4000.0,10
Обсяг утворених відходів,Україна,Загалом,I-III. Небезпечні відходи,За категоріями відходів за матеріалом (МП),Шлами та рідкі відходи очисних споруд,5900.0,3100.0,3600.0,3600.0,2900.0,9900.0,2800.0,7100.0,3300.0,100.0,10
Обсяг утворених відходів,Україна,Загалом,I-III. Небезпечні відходи,За категоріями відходів за матеріалом (МП),Хімічні відходи,14700.0,14800.0,17400.0,15300.0,16400.0,17500.0,16300.0,8100.0,7900.0,22300.0,10
Обсяг утворених відходів,Україна,Загалом,I-III. Небезпечні відходи,За категоріями відходів за матеріалом (МП),Відходи рослинного походження,200.0,500.0,500.0,900.0,1100.0,100.0,2600.0,100.0,300.0,,9
Обсяг утворених відходів,Україна,Загалом,I-III. Небезпечні відходи,За категоріями відходів за матеріалом (МП),Побутові та подібні відходи,3000.0,16900.0,200.0,200.0,100.0,1500.0,1400.0,2000.0,700.0,,9
Обсяг утворених відходів,Україна,Загалом,I-III. Небезпечні відходи,За категоріями відходів за матеріалом (МП),Відходи чорних металів,149800.0,129900.0,139900.0,135700.0,117100.0,72200.0,109200.0,69400.0,57500.0,,9
Обсяг утворених відходів,Україна,Загалом,I-III. Небезпечні відходи,За категоріями відходів за матеріалом (МП),Гумові відходи,2000.0,3500.0,3700.0,2700.0,1800.0,2100.0,3500.0,900.0,1000.0,,9
Обсяг утворених відходів,Україна,Загалом,I-III. Небезпечні відходи,За категоріями відходів за матеріалом (МП),"Відходи, що містять поліхлордифеніли",500.0,100.0,200.0,200.0,300.0,200.0,200.0,,100.0,0.0,9
Обсяг утворених відходів,Україна,Загалом,I-III. Небезпечні відходи,За категоріями відходів за матеріалом (МП),Відходи акумуляторів та батарей,6100.0,4000.0,4100.0,3800.0,4500.0,4200.0,4700.0,2100.0,4100.0,2900.0,10
Обсяг утворених відходів,Україна,Загалом,I-III. Небезпечні відходи,За категоріями відходів за матеріалом (МП),Відходи від медичної допомоги та біологічні,200.0,200.0,200.0,200.0,200.0,300.0,600.0,500.0,700.0,7900.0,10
Обсяг утворених відходів,Україна,Загалом,I-III. Небезпечні відходи,За категоріями відходів за матеріалом (МП),Відходи тваринного походження та змішані харчові відходи,18200.0,13600.0,16100.000000000002,18400.0,13400.0,14300.0,500.0,200.0,200.0,,9
Обсяг утворених відходів,Україна,Загалом,I-III. Небезпечні відходи,За категоріями відходів за матеріалом (МП),Відпрацьовані оливи,14200.0,13100.0,17000.0,14600.0,14200.0,19000.0,17300.0,13100.0,12000.0,17400.0,10
Обсяг утворених відходів,Україна,Загалом,I-III. Небезпечні відходи,За категоріями відходів за матеріалом (МП),Відходи кольорових металів,11300.0,6500.0,7500.0,6400.0,4600.0,3400.0,3000.0,4800.0,2100.0,,9
Обсяг утворених відходів,Україна,Загалом,I-III. Небезпечні відходи,За категоріями відходів за матеріалом (МП),Змішані та недиференційовані матеріали,39100.0,55800.0,72700.0,72100.0,73500.0,61200.0,68100.0,4400.0,8900.0,200.0,10
Обсяг утворених відходів,Україна,Загалом,I-III. Небезпечні відходи,За категоріями відходів за матеріалом (МП),Пластикові відходи,4400.0,3700.0,3300.0,2400.0,4000.0,2400.0,2900.0,2600.0,2700.0,,9
Обсяг утворених відходів,Україна,Загалом,I-III. Небезпечні відходи,За категоріями відходів за матеріалом (МП),Непридатне обладнання,1200.0,1500.0,2800.0,1600.0,1800.0,1400.0,1300.0,700.0,900.0,1000.0,10
Обсяг утворених відходів,Україна,Загалом,I-III. Небезпечні відходи,За категоріями відходів за матеріалом (МП),Змішані відходи чорних та кольорових металів,1800.0,2800.0,900.0,600.0,700.0,500.0,500.0,,200.0,,8
Обсяг утворених відходів,Україна,Загалом,I-III. Небезпечні відходи,За категоріями відходів за матеріалом (МП),"Відходи кислот, лугів чи солей",112800.0,136000.0,147700.0,154800.0,155700.0,161000.0,158200.0,61000.0,22400.0,4700.0,10
Обсяг утворених відходів,Україна,Загалом,I-III. Небезпечні відходи,За категоріями відходів за матеріалом (МП),Залишки сортування,100.0,4300.0,1500.0,100.0,100.0,0.0,0.0,,0.0,0.0,9
Обсяг утворених відходів,Україна,Загалом,I-III. Небезпечні відходи,За категоріями відходів за матеріалом (МП),Скляні відходи,100.0,100.0,100.0,100.0,100.0,700.0,100.0,100.0,100.0,200.0,10
Обсяг утворених відходів,Україна,Загалом,I-III. Небезпечні відходи,За категоріями відходів за матеріалом (МП),Звичайний осад,4100.0,5400.0,5800.0,6000.0,6300.0,6100.0,1900.0,900.0,200.0,,9
Обсяг утворених відходів,Україна,Загалом,I-III. Небезпечні відходи,За категоріями відходів за матеріалом (МП),Деревні відходи,4400.0,3400.0,4400.0,1100.0,1800.0,1500.0,1800.0,1500.0,8500.0,10400.0,10
Обсяг утворених відходів,Україна,Загалом,I-III. Небезпечні відходи,За категоріями відходів за матеріалом (МП),Осад промислових стоків,27000.0,34100.0,41000.0,49800.0,24800.0,49000.0,63600.0,7800.0,39300.0,18400.0,10
Обсяг утворених відходів,Україна,Загалом,I-III. Небезпечні відходи,За категоріями відходів за матеріалом (МП),Непридатні транспортні засоби,0.0,100.0,0.0,0.0,100.0,100.0,200.0,,0.0,0.0,9
Обсяг утворених відходів,Україна,Загалом,I-III. Небезпечні відходи,За категоріями відходів за матеріалом (МП),"Тваринні екскременти, сеча та гній",92000.0,75100.0,15700.0,50700.0,20100.0,21500.0,52500.0,44800.0,35500.0,,9
Обсяг утворених відходів,Україна,Загалом,I-III. Небезпечні відходи,За категоріями відходів за матеріалом (МП),Використані розчинники,1300.0,800.0,1000.0,800.0,1100.0,2000.0,2000.0,1300.0,1400.0,900.0,10
Обсяг утворених відходів,Україна,Загалом,I-III. Небезпечні відходи,За категоріями відходів за матеріалом (МП),Паперові та картонні відходи,300.0,300.0,200.0,100.0,200.0,100.0,100.0,100.0,200.0,,9
Обсяг утворених відходів,Україна,Загалом,I-III. Небезпечні відходи,За категоріями відходів за матеріалом (МП),Текстильні відходи,900.0,5100.0,1400.0,1100.0,1500.0,1500.0,1800.0,1400.0,1300.0,,9
Обсяг утворених відходів,Івано-Франківська,"Підприємства, що здійснюють утворення та оброблення відходів за місцем реєстрації",I-III. Небезпечні відходи,Загалом,Загалом,,,,,,5000.0,,600.0,1300.0,5100.0,4
Обсяг утворених відходів,Україна,Загалом,I-III. Небезпечні відходи,За категоріями відходів за матеріалом (МП),"Інші мінеральні відходи (за виключенням пунктів 12.1, 12.4, 12.6, 12.7, 12.8)",5100.0,59300.0,64500.0,17500.0,57000.0,51800.0,61800.0,3900.0,2800.0,9200.0,10
Обсяг утворених відходів,Україна,Загалом,I-III. Небезпечні відходи,За категоріями відходів за матеріалом (МП),"Мінеральні відходи будівництва та знесення об'єктів, у тому числі змішані будівельні відходи",400.0,700.0,700.0,2000.0,600.0,300.0,200.0,100.0,100.0,1200.0,10
Обсяг утворених відходів,Україна,Загалом,IV. Не небезпечні відходи,За категоріями відходів за матеріалом (МП),Пластикові відходи,38500.0,48200.0,45300.0,44800.0,46300.0,38400.0,53800.0,60500.0,37300.0,34900.0,10
Обсяг утворених відходів,Дніпропетровська,"Підприємства, що здійснюють утворення та оброблення відходів за місцем фактичної діяльності",I-IV. Відходи в цілому,Загалом,Загалом,227076800.0,205850100.0,243114700.0,243598800.0,252234500.0,,,,114631500.0,,6
Обсяг утворених відходів,Закарпатська,"Підприємства, що здійснюють утворення та оброблення відходів за місцем реєстрації",I-IV. Відходи в цілому,Загалом,Загалом,,,,,,145000.0,,144400.0,161800.0,175900.0,4
Обсяг утворених відходів,Донецька,"Підприємства, що здійснюють утворення та оброблення відходів за місцем реєстрації",IV. Не небезпечні відходи,Загалом,Загалом,,,,,,26835900.0,,7175700.0,7250800.0,4857800.0,4
Обсяг утворених відходів,Вінницька,"Підприємства, що здійснюють утворення та оброблення відходів за місцем фактичної діяльності",I-III. Небезпечні відходи,Загалом,Загалом,400.0,600.0,700.0,800.0,1000.0,,,,1700.0,,6
Обсяг утворених відходів,Україна,Загалом,IV. Не небезпечні відходи,За категоріями відходів за матеріалом (МП),Відходи акумуляторів та батарей,1100.0,0.0,0.0,0.0,0.0,0.0,300.0,,300.0,300.0,9
Обсяг утворених відходів,Вінницька,"Підприємства, що здійснюють утворення та оброблення відходів за місцем реєстрації",I-III. Небезпечні відходи,Загалом,Загалом,,,,,,1200.0,,2000.0,1400.0,700.0,4
Обсяг утворених відходів,Україна,Загалом,IV. Не небезпечні відходи,За категоріями відходів за матеріалом (МП),Пуста порода від днопоглиблювальних робіт,23125100.0,12500100.0,45028000.0,26126000.0,101361900.0,11947500.0,11965500.0,6366300.0,8198799.999999999,,9
Обсяг утворених відходів,Україна,Загалом,I-III. Небезпечні відходи,За категоріями відходів за матеріалом (МП),Усього,587300.0,621000.0,605300.0,627400.0,553000.0,532000.0,608100.0,246900.0,222200.0,98800.0,10
Обсяг утворених відходів,Україна,Загалом,IV. Не небезпечні відходи,За категоріями відходів за матеріалом (МП),Хімічні відходи,898700.0,925900.0,816800.0,790800.0,604000.0,645700.0,517100.0,160700.0,312900.0,3300.0,10
Обсяг утворених відходів,Волинська,"Підприємства, що здійснюють утворення та оброблення відходів за місцем фактичної діяльності",I-IV. Відходи в цілому,Загалом,Загалом,638900.0,684000.0,733100.0,555400.0,668100.0,,,,394100.0,,6
Обсяг утворених відходів,Донецька,"Підприємства, що здійснюють утворення та оброблення відходів за місцем фактичної діяльності",IV. Не небезпечні відходи,Загалом,Загалом,16758200.0,20059500.0,22263600.0,23957600.0,26260600.0,,,,7392200.0,,6
Обсяг утворених відходів,Кіровоградська,"Підприємства, що здійснюють утворення та оброблення відходів за місцем реєстрації",IV. Не небезпечні відходи,Загалом,Загалом,,,,,,498100.0,,460400.0,516600.0,417900.0,4
Обсяг утворених відходів,Київська,"Підприємства, що здійснюють утворення та оброблення відходів за місцем фактичної діяльності",I-IV. Відходи в цілому,Загалом,Загалом,1660500.0,1561300.0,1265600.0,1394000.0,1414300.0,,,,940200.0,,6
Обсяг утворених відходів,Київська,"Підприємства, що здійснюють утворення та оброблення відходів за місцем реєстрації",I-III. Небезпечні відходи,Загалом,Загалом,,,,,,5900.0,,5300.0,6000.0,6000.0,4
Обсяг утворених відходів,Івано-Франківська,"Підприємства, що здійснюють утворення та оброблення відходів за місцем фактичної діяльності",I-IV. Відходи в цілому,Загалом,Загалом,2124800.0,1935400.0,1948800.0,1969800.0,2991700.0,,,,1790500.0,,6
Обсяг утворених відходів,Закарпатська,"Підприємства, що здійснюють утворення та оброблення відходів за місцем фактичної діяльності",I-IV. Відходи в цілому,Загалом,Загалом,133700.0,155600.0,173400.0,186300.0,153100.0,,,,172000.0,,6
Обсяг утворених відходів,Волинська,"Підприємства, що здійснюють утворення та оброблення відходів за місцем реєстрації",I-IV. Відходи в цілому,Загалом,Загалом,,,,,,630200.0,,562200.0,398000.0,398500.0,4
Обсяг утворених відходів,Україна,Загалом,IV. Не небезпечні відходи,За категоріями відходів за матеріалом (МП),Використані розчинники,30300.0,300.0,0.0,400.0,400.0,400.0,200.0,3200.0,200.0,,9
Обсяг утворених відходів,Україна,Загалом,IV. Не небезпечні відходи,За категоріями відходів за матеріалом (МП),Відходи кольорових металів,18800.0,17000.0,20800.0,34200.0,22500.0,20900.0,23000.0,17600.0,16400.0,24100.0,10
Обсяг утворених відходів,Житомирська,"Підприємства, що здійснюють утворення та оброблення відходів за місцем реєстрації",I-IV. Відходи в цілому,Загалом,Загалом,,,,,,397200.0,,377700.0,391300.0,570800.0,4
Обсяг утворених відходів,Івано-Франківська,"Підприємства, що здійснюють утворення та оброблення відходів за місцем реєстрації",I-IV. Відходи в цілому,Загалом,Загалом,,,,,,1729800.0,,650000.0,729200.0,668500.0,4
Обсяг утворених відходів,Дніпропетровська,"Підприємства, що здійснюють утворення та оброблення відходів за місцем реєстрації",I-III. Небезпечні відходи,Загалом,Загалом,,,,,,25900.0,,47400.0,16600.0,17100.0,4
Обсяг утворених відходів,Київська,"Підприємства, що здійснюють утворення та оброблення відходів за місцем фактичної діяльності",I-III. Небезпечні відходи,Загалом,Загалом,16800.0,25700.0,7100.0,2200.0,1900.0,,,,5000.0,,6
Обсяг утворених відходів,Вінницька,"Підприємства, що здійснюють утворення та оброблення відходів за місцем реєстрації",IV. Не небезпечні відходи,Загалом,Загалом,,,,,,1556500.0,,730500.0,1114600.0,846300.0,4
Обсяг утворених відходів,Донецька,"Підприємства, що здійснюють утворення та оброблення відходів за місцем фактичної діяльності",I-III. Небезпечні відходи,Загалом,Загалом,119300.0,146200.0,171000.0,152600.0,147300.0,,,,5700.0,,6
Обсяг утворених відходів,Україна,Загалом,IV. Не небезпечні відходи,За категоріями відходів за матеріалом (МП),Гумові відходи,20900.0,16800.0,22700.0,19200.0,17700.0,17800.0,18800.0,13600.0,15500.0,33200.0,10
Обсяг утворених відходів,Волинська,"Підприємства, що здійснюють утворення та оброблення відходів за місцем фактичної діяльності",I-III. Небезпечні відходи,Загалом,Загалом,600.0,400.0,900.0,900.0,900.0,,,,800.0,,6
Обсяг утворених відходів,Україна,Загалом,IV. Не небезпечні відходи,За категоріями відходів за матеріалом (МП),"Відходи, що містять поліхлордифеніли",0.0,0.0,0.0,0.0,0.0,0.0,0.0,100.0,0.0,,9
Обсяг утворених відходів,Україна,Загалом,IV. Не небезпечні відходи,За категоріями відходів за матеріалом (МП),Осад промислових стоків,3182900.0,3885700.0,3607700.0,3580500.0,3321300.0,3413100.0,3194700.0,434300.0,720400.0,407400.0,10
Обсяг утворених відходів,Україна,Загалом,I-III. Небезпечні відходи,За категоріями відходів за матеріалом (МП),Ґрунтові відходи,500.0,1000.0,600.0,500.0,600.0,500.0,900.0,700.0,900.0,100.0,10
Обсяг утворених відходів,Житомирська,"Підприємства, що здійснюють утворення та оброблення відходів за місцем фактичної діяльності",I-IV. Відходи в цілому,Загалом,Загалом,518299.99999999994,550400.0,550300.0,486200.0,474500.0,,,,432500.0,,6
Обсяг утворених відходів,Україна,Загалом,IV. Не небезпечні відходи,За категоріями відходів за матеріалом (МП),"Тваринні екскременти, сеча та гній",4846000.0,4213600.0,3637700.0,3183100.0,3592800.0,3293200.0,3216200.0,2804800.0,2956000.0,2567800.0,10
Обсяг утворених відходів,Україна,Загалом,IV. Не небезпечні відходи,За категоріями відходів за матеріалом (МП),Ґрунтові відходи,787700.0,500700.0,366600.0,451200.0,1360000.0,1332300.0,1052900.0,645200.0,631700.0,29800.0,10
Обсяг утворених відходів,Україна,Загалом,IV. Не небезпечні відходи,За категоріями відходів за матеріалом (МП),Непридатні транспортні засоби,3100.0,1900.0,1200.0,1600.0,1100.0,900.0,10400.0,200.0,400.0,900.0,10
Обсяг утворених відходів,Кіровоградська,"Підприємства, що здійснюють утворення та оброблення відходів за місцем фактичної діяльності",I-IV. Відходи в цілому,Загалом,Загалом,33344699.999999996,34408100.0,37623300.0,37902000.0,37410300.0,,,,21712700.0,,6
Обсяг утворених відходів,Волинська,"Підприємства, що здійснюють утворення та оброблення відходів за місцем реєстрації",IV. Не небезпечні відходи,Загалом,Загалом,,,,,,629500.0,,561300.0,397400.0,397900.0,4
Обсяг утворених відходів,Україна,Загалом,IV. Не небезпечні відходи,За категоріями відходів за матеріалом (МП),Звичайний осад,393500.0,688200.0,509300.0,637500.0,557000.0,328000.0,441800.0,260800.0,366400.0,953700.0,10
Обсяг утворених відходів,Київська,"Підприємства, що здійснюють утворення та оброблення відходів за місцем реєстрації",I-IV. Відходи в цілому,Загалом,Загалом,,,,,,2153600.0,,626500.0,988900.0,1118500.0,4
Обсяг утворених відходів,Україна,Загалом,IV. Не небезпечні відходи,За категоріями відходів за матеріалом (МП),"Відходи кислот, лугів чи солей",272100.0,142600.0,65400.00000000001,220600.0,243800.0,231700.0,329100.0,90800.0,95000.0,100.0,10
Обсяг утворених відходів,Україна,Загалом,IV. Не небезпечні відходи,За категоріями відходів за матеріалом (МП),Відходи чорних металів,3246900.0,3576100.0,3416100.0,3266500.0,2684300.0,2419700.0,2548700.0,558400.0,468600.0,374600.0,10
Обсяг утворених відходів,Волинська,"Підприємства, що здійснюють утворення та оброблення відходів за місцем реєстрації",I-III. Небезпечні відходи,Загалом,Загалом,,,,,,700.0,,900.0,600.0,600.0,4
Обсяг утворених відходів,Донецька,"Підприємства, що здійснюють утворення та оброблення відходів за місцем реєстрації",I-III. Небезпечні відходи,Загалом,Загалом,,,,,,145300.0,,3000.0,500.0,100.0,4
Обсяг утворених відходів,Україна,Загалом,IV. Не небезпечні відходи,За категоріями відходів за матеріалом (МП),Побутові та подібні відходи,6786200.0,6929300.0,6183000.0,6211000.0,6617900.0,6670500.0,6482100.0,5439500.0,4953300.0,5485100.0,10
Обсяг утворених відходів,Закарпатська,"Підприємства, що здійснюють утворення та оброблення відходів за місцем реєстрації",IV. Не небезпечні відходи,Загалом,Загалом,,,,,,143700.0,,142600.0,160200.0,175200.0,4
Обсяг утворених відходів,Україна,Загалом,IV. Не небезпечні відходи,За категоріями відходів за матеріалом (МП),Паперові та картонні відходи,110700.0,184200.0,183300.0,146300.0,129300.00000000001,140700.0,186800.0,569700.0,169500.0,170500.0,10
Обсяг утворених відходів,Дніпропетровська,"Підприємства, що здійснюють утворення та оброблення відходів за місцем реєстрації",IV. Не небезпечні відходи,Загалом,Загалом,,,,,,309372500.0,,140151100.0,135343400.0,174302200.0,4
Обсяг утворених відходів,Україна,Загалом,IV. Не небезпечні відходи,За категоріями відходів за матеріалом (МП),Текстильні відходи,7100.0,13700.0,19400.0,14800.0,10900.0,20400.0,12400.0,19400.0,6500.0,6500.0,10
Обсяг утворених відходів,Україна,Загалом,IV. Не небезпечні відходи,За категоріями відходів за матеріалом (МП),Шлами та рідкі відходи очисних споруд,243900.0,835200.0,968100.0,790300.0,789300.0,850700.0,1032200.0,651700.0,281400.0,14400.0,10
Обсяг утворених відходів,Київська,"Підприємства, що здійснюють утворення та оброблення відходів за місцем фактичної діяльності",IV. Не небезпечні відходи,Загалом,Загалом,1643700.0,1535600.0,1258500.0,1391800.0,1412400.0,,,,935200.0,,6
Обсяг утворених відходів,Івано-Франківська,"Підприємства, що здійснюють утворення та оброблення відходів за місцем фактичної діяльності",IV. Не небезпечні відходи,Загалом,Загалом,2121500.0,1932600.0,1941900.0,1966000.0,2985900.0,,,,1781800.0,,6
Обсяг утворених відходів,Україна,Загалом,IV. Не небезпечні відходи,За категоріями відходів за матеріалом (МП),"Мінеральні відходи будівництва та знесення об'єктів, у тому числі змішані будівельні відходи",897100.0,821800.0,973400.0,1021100.0,918800.0,872900.0,835900.0,319800.0,545500.0,592000.0,10
Обсяг утворених відходів,Київська,"Підприємства, що здійснюють утворення та оброблення відходів за місцем реєстрації",IV. Не небезпечні відходи,Загалом,Загалом,,,,,,2147700.0,,621200.0,982900.0,1112500.0,4
Обсяг утворених відходів,Україна,Загалом,IV. Не небезпечні відходи,За категоріями відходів за матеріалом (МП),Непридатне обладнання,13200.0,9300.0,13100.0,8100.0,4100.0,3600.0,5200.0,1800.0,13800.0,10000.0,10
Обсяг утворених відходів,Донецька,"Підприємства, що здійснюють утворення та оброблення відходів за місцем фактичної діяльності",I-IV. Відходи в цілому,Загалом,Загалом,16877500.0,20205700.0,22434600.0,24110200.0,26407900.0,,,,7397900.0,,6
Обсяг утворених відходів,Україна,Загалом,IV. Не небезпечні відходи,За категоріями відходів за матеріалом (МП),"Інші мінеральні відходи (за виключенням пунктів 12.1, 12.4, 12.6, 12.7, 12.8)",235695100.0,225824200.0,265537500.0,273103300.0,286728600.0,404597600.0,436953200.0,175374100.0,152472800.0,217757500.0,10
Обсяг утворених відходів,Кіровоградська,"Підприємства, що здійснюють утворення та оброблення відходів за місцем реєстрації",I-IV. Відходи в цілому,Загалом,Загалом,,,,,,498700.0,,461000.0,517200.00000000006,421200.0,4
Обсяг утворених відходів,Україна,Загалом,IV. Не небезпечні відходи,За категоріями відходів за матеріалом (МП),Відходи рослинного походження,7742100.0,8605500.0,8781800.0,7828400.0,8067500.0,6101700.0,4431300.0,3128900.0,4642800.0,2219100.0,10
Обсяг утворених відходів,Дніпропетровська,"Підприємства, що здійснюють утворення та оброблення відходів за місцем фактичної діяльності",IV. Не небезпечні відходи,Загалом,Загалом,227022500.0,205798300.0,243061400.0,243572500.0,252202600.0,,,,114612800.0,,6
Обсяг утворених відходів,Запорізька,"Підприємства, що здійснюють утворення та оброблення відходів за місцем реєстрації",I-III. Небезпечні відходи,Загалом,Загалом,,,,,,15900.0,,4600.0,2500.0,2500.0,4
Обсяг утворених відходів,Волинська,"Підприємства, що здійснюють утворення та оброблення відходів за місцем фактичної діяльності",IV. Не небезпечні відходи,Загалом,Загалом,638300.0,683600.0,732200.0,554500.0,667200.0,,,,393300.0,,6
Обсяг утворених відходів,Вінницька,"Підприємства, що здійснюють утворення та оброблення відходів за місцем фактичної діяльності",IV. Не небезпечні відходи,Загалом,Загалом,1949900.0,1926900.0,2341000.0,1781400.0,2710200.0,,,,1534400.0,,6
Обсяг утворених відходів,Запорізька,"Підприємства, що здійснюють утворення та оброблення відходів за місцем реєстрації",I-IV. Відходи в цілому,Загалом,Загалом,,,,,,5531000.0,,1725800.0,1418700.0,1399400.0,4
Обсяг утворених відходів,Україна,Загалом,IV. Не небезпечні відходи,За категоріями відходів за матеріалом (МП),Відпрацьовані оливи,1300.0,900.0,100.0,0.0,200.0,300.0,100.0,700.0,300.0,,9
Обсяг утворених відходів,Донецька,"Підприємства, що здійснюють утворення та оброблення відходів за місцем реєстрації",I-IV. Відходи в цілому,Загалом,Загалом,,,,,,26981200.0,,7178700.0,7251300.0,4857900.0,4
Обсяг утворених відходів,Україна,Загалом,IV. Не небезпечні відходи,За категоріями відходів за матеріалом (МП),Змішані та недиференційовані матеріали,7341800.0,9373300.0,9626300.0,9092000.0,9866800.0,6845100.0,6675300.0,1289200.0,1456200.0,2055699.9999999998,10
Обсяг утворених відходів,Запорізька,"Підприємства, що здійснюють утворення та оброблення відходів за місцем фактичної діяльності",I-IV. Відходи в цілому,Загалом,Загалом,5463300.0,5040800.0,5129400.0,5294400.0,5403300.0,,,,860100.0,,6
Обсяг утворених відходів,Житомирська,"Підприємства, що здійснюють утворення та оброблення відходів за місцем фактичної діяльності",IV. Не небезпечні відходи,Загалом,Загалом,517600.0,549500.0,549300.0,485100.0,473300.0,,,,431000.0,,6
Обсяг утворених відходів,Україна,Загалом,I-III. Небезпечні відходи,За категоріями відходів за матеріалом (МП),"Затверділі, стабілізовані або засклянілі відходи; мінеральні відходи, що утворюються після переробки",10600.0,7300.0,9800.0,9700.0,9900.0,8300.0,8700.0,1500.0,200.0,100.0,10
Обсяг утворених відходів,Україна,Загалом,I-III. Небезпечні відходи,За категоріями відходів за матеріалом (МП),Відходи згоряння,55100.0,18000.0,20800.0,54400.0,16500.0,17400.0,19400.0,5800.0,6700.0,1800.0,10
Обсяг утворених відходів,Україна,Загалом,IV. Не небезпечні відходи,За категоріями відходів за матеріалом (МП),Скляні відходи,22200.0,25700.0,34200.0,41800.0,19700.0,20300.0,23500.0,11500.0,14200.0,12400.0,10
Обсяг утворених відходів,Кіровоградська,"Підприємства, що здійснюють утворення та оброблення відходів за місцем реєстрації",I-III. Небезпечні відходи,Загалом,Загалом,,,,,,600.0,,600.0,600.0,3300.0,4
Обсяг утворених відходів,Україна,Загалом,IV. Не небезпечні відходи,За категоріями відходів за матеріалом (МП),Деревні відходи,678700.0,930400.0,775500.0,828700.0,826100.0,748600.0,695900.0,649100.0,650600.0,534000.0,10
Обсяг утворених відходів,Кіровоградська,"Підприємства, що здійснюють утворення та оброблення відходів за місцем фактичної діяльності",IV. Не небезпечні відходи,Загалом,Загалом,33338199.999999996,34402100.0,37617100.0,37895900.0,37406600.0,,,,21711800.0,,6
Обсяг утворених відходів,Дніпропетровська,"Підприємства, що здійснюють утворення та оброблення відходів за місцем фактичної діяльності",I-III. Небезпечні відходи,Загалом,Загалом,54300.0,51800.0,53300.0,26300.0,31900.0,,,,18700.0,,6
Обсяг утворених відходів,Запорізька,"Підприємства, що здійснюють утворення та оброблення відходів за місцем фактичної діяльності",I-III. Небезпечні відходи,Загалом,Загалом,19000.0,16000.0,17500.0,18300.0,16400.0,,,,3800.0,,6
Обсяг утворених відходів,Україна,Загалом,IV. Не небезпечні відходи,За категоріями відходів за матеріалом (МП),Відходи від медичної допомоги та біологічні,700.0,500.0,400.0,500.0,700.0,800.0,900.0,900.0,1100.0,1600.0,10
Обсяг утворених відходів,Україна,Загалом,IV. Не небезпечні відходи,За категоріями відходів за матеріалом (МП),Відходи згоряння,13840900.0,13811900.0,14136200.0,13536000.0,12645000.0,10828300.0,11541300.0,4917300.0,3661600.0,4460900.0,10
Обсяг утворених відходів,Україна,Загалом,IV. Не небезпечні відходи,За категоріями відходів за матеріалом (МП),Відходи тваринного походження та змішані харчові відходи,878800.0,977000.0,571500.0,589100.0,427600.0,391100.0,353300.0,282100.0,241400.0,136000.0,10
Обсяг утворених відходів,Вінницька,"Підприємства, що здійснюють утворення та оброблення відходів за місцем реєстрації",I-IV. Відходи в цілому,Загалом,Загалом,,,,,,1557700.0,,732500.0,1116000.0,847000.0,4
Обсяг утворених відходів,Україна,Загалом,IV. Не небезпечні відходи,За категоріями відходів за матеріалом (МП),"Затверділі, стабілізовані або засклянілі відходи; мінеральні відходи, що утворюються після переробки",511600.0,303900.0,39100.0,41700.0,15800.0,14400.0,16100.000000000002,19800.0,18000.0,45600.0,10
Обсяг утворених відходів,Закарпатська,"Підприємства, що здійснюють утворення та оброблення відходів за місцем реєстрації",I-III. Небезпечні відходи,Загалом,Загалом,,,,,,1300.0,,1800.0,1600.0,700.0,4
Обсяг утворених відходів,Івано-Франківська,"Підприємства, що здійснюють утворення та оброблення відходів за місцем фактичної діяльності",I-III. Небезпечні відходи,Загалом,Загалом,3300.0,2800.0,6900.0,3800.0,5800.0,,,,8700.0,,6
Обсяг утворених відходів,Кіровоградська,"Підприємства, що здійснюють утворення та оброблення відходів за місцем фактичної діяльності",I-III. Небезпечні відходи,Загалом,Загалом,6500.0,6000.0,6200.0,6100.0,3700.0,,,,900.0,,6
Обсяг утворених відходів,Запорізька,"Підприємства, що здійснюють утворення та оброблення відходів за місцем реєстрації",IV. Не небезпечні відходи,Загалом,Загалом,,,,,,5515100.0,,1721200.0,1416200.0,1396900.0,4
Обсяг утворених відходів,Закарпатська,"Підприємства, що здійснюють утворення та оброблення відходів за місцем фактичної діяльності",I-III. Небезпечні відходи,Загалом,Загалом,2500.0,1400.0,1200.0,600.0,700.0,,,,1600.0,,6
Обсяг утворених відходів,Житомирська,"Підприємства, що здійснюють утворення та оброблення відходів за місцем реєстрації",IV. Не небезпечні відходи,Загалом,Загалом,,,,,,396200.0,,377100.0,390000.0,570300.0,4
Обсяг утворених відходів,Вінницька,"Підприємства, що здійснюють утворення та оброблення відходів за місцем фактичної діяльності",I-IV. Відходи в цілому,Загалом,Загалом,1950300.0,1927500.0,2341700.0,1782200.0,2711200.0,,,,1536100.0,,6
Обсяг утворених відходів,Житомирська,"Підприємства, що здійснюють утворення та оброблення відходів за місцем фактичної діяльності",I-III. Небезпечні відходи,Загалом,Загалом,700.0,900.0,1000.0,1100.0,1200.0,,,,1500.0,,6
Обсяг утворених відходів,Дніпропетровська,"Підприємства, що здійснюють утворення та оброблення відходів за місцем реєстрації",I-IV. Відходи в цілому,Загалом,Загалом,,,,,,309398400.0,,140198500.0,135360000.0,174319300.0,4
Обсяг утворених відходів,Україна,Загалом,IV. Не небезпечні відходи,За категоріями відходів за матеріалом (МП),Залишки сортування,35500.0,77600.0,61700.0,63500.0,69100.0,35100.0,31400.0,13600.0,13000.0,4000.0,10
Обсяг утворених відходів,Івано-Франківська,"Підприємства, що здійснюють утворення та оброблення відходів за місцем реєстрації",IV. Не небезпечні відходи,Загалом,Загалом,,,,,,1724800.0,,649400.0,727900.0,663400.0,4
Обсяг утворених відходів,Запорізька,"Підприємства, що здійснюють утворення та оброблення відходів за місцем фактичної діяльності",IV. Не небезпечні відходи,Загалом,Загалом,5444300.0,5024800.0,5111900.0,5276100.0,5386900.0,,,,856300.0,,6
Обсяг утворених відходів,Україна,Загалом,IV. Не небезпечні відходи,За категоріями відходів за матеріалом (МП),Змішані відходи чорних та кольорових металів,7800.0,7600.0,6500.0,33500.0,13000.0,9800.0,13600.0,6000.0,12700.0,304400.0,10
Обсяг утворених відходів,Закарпатська,"Підприємства, що здійснюють утворення та оброблення відходів за місцем фактичної діяльності",IV. Не небезпечні відходи,Загалом,Загалом,131200.0,154200.0,172200.0,185700.0,152400.0,,,,170400.0,,6
Обсяг утворених відходів,Житомирська,"Підприємства, що здійснюють утворення та оброблення відходів за місцем реєстрації",I-III. Небезпечні відходи,Загалом,Загалом,,,,,,1000.0,,600.0,1300.0,500.0,4
Обсяг утворених відходів,Україна,Загалом,IV. Не небезпечні відходи,За категоріями відходів за матеріалом (МП),Усього,311680300.0,295249100.0,365448700.0,351706500.0,440963500.0,461841500.0,492663000.0,204111600.0,182974600.0,238239800.0,10
Обсяг утворених відходів,Тернопільська,"Підприємства, що здійснюють утворення та оброблення відходів за місцем фактичної діяльності",IV. Не небезпечні відходи,Загалом,Загалом,797800.0,853100.0,1893900.0,1636900.0,1049700.0,,,,1453000.0,,6
Обсяг утворених відходів,Одеська,"Підприємства, що здійснюють утворення та оброблення відходів за місцем фактичної діяльності",IV. Не небезпечні відходи,Загалом,Загалом,599200.0,639400.0,737300.0,726600.0,636800.0,,,,235700.0,,6
Обсяг утворених відходів,Черкаська,"Підприємства, що здійснюють утворення та оброблення відходів за місцем реєстрації",I-III. Небезпечні відходи,Загалом,Загалом,,,,,,700.0,,800.0,1000.0,1300.0,4
Обсяг утворених відходів,Рівненська,"Підприємства, що здійснюють утворення та оброблення відходів за місцем реєстрації",I-IV. Відходи в цілому,Загалом,Загалом,,,,,,886200.0,,569400.0,487900.0,552700.0,4
Обсяг утворених відходів,Сумська,"Підприємства, що здійснюють утворення та оброблення відходів за місцем реєстрації",I-III. Небезпечні відходи,Загалом,Загалом,,,,,,148200.0,,63200.0,26200.0,4000.0,4
Обсяг утворених відходів,Миколаївська,"Підприємства, що здійснюють утворення та оброблення відходів за місцем реєстрації",I-III. Небезпечні відходи,Загалом,Загалом,,,,,,33600.0,,30000.0,50700.0,1100.0,4
Обсяг утворених відходів,Харківська,"Підприємства, що здійснюють утворення та оброблення відходів за місцем реєстрації",I-IV. Відходи в цілому,Загалом,Загалом,,,,,,1487800.0,,636600.0,753400.0,739900.0,4
Обсяг утворених відходів,Львівська,"Підприємства, що здійснюють утворення та оброблення відходів за місцем фактичної діяльності",I-III. Небезпечні відходи,Загалом,Загалом,1500.0,2100.0,2600.0,2700.0,4100.0,,,,2300.0,,6
Обсяг утворених відходів,Тернопільська,"Підприємства, що здійснюють утворення та оброблення відходів за місцем реєстрації",IV. Не небезпечні відходи,Загалом,Загалом,,,,,,271600.0,,301600.0,1434700.0,511600.0,4
Обсяг утворених відходів,Полтавська,"Підприємства, що здійснюють утворення та оброблення відходів за місцем фактичної діяльності",IV. Не небезпечні відходи,Загалом,Загалом,4379200.0,5369800.0,35046300.0,19724800.0,97362900.0,,,,23099800.0,,6
Обсяг утворених відходів,Одеська,"Підприємства, що здійснюють утворення та оброблення відходів за місцем реєстрації",IV. Не небезпечні відходи,Загалом,Загалом,,,,,,453700.0,,203000.0,194500.0,226200.0,4
Обсяг утворених відходів,Черкаська,"Підприємства, що здійснюють утворення та оброблення відходів за місцем фактичної діяльності",I-IV. Відходи в цілому,Загалом,Загалом,1179200.0,1219200.0,1295100.0,1484600.0,1259600.0,,,,1538800.0,,6
Обсяг утворених відходів,Харківська,"Підприємства, що здійснюють утворення та оброблення відходів за місцем фактичної діяльності",I-IV. Відходи в цілому,Загалом,Загалом,1711400.0,1952600.0,1803400.0,1628500.0,1752300.0,,,,999700.0,,6
Обсяг утворених відходів,Хмельницька,"Підприємства, що здійснюють утворення та оброблення відходів за місцем реєстрації",IV. Не небезпечні відходи,Загалом,Загалом,,,,,,500200.0,,799800.0,825100.0,1068900.0,4
Обсяг утворених відходів,Сумська,"Підприємства, що здійснюють утворення та оброблення відходів за місцем фактичної діяльності",I-IV. Відходи в цілому,Загалом,Загалом,840000.0,672600.0,580400.0,852200.0,863800.0,,,,552200.0,,6
Обсяг утворених відходів,Херсонська,"Підприємства, що здійснюють утворення та оброблення відходів за місцем фактичної діяльності",IV. Не небезпечні відходи,Загалом,Загалом,370700.0,354200.0,373000.0,336200.0,354600.0,,,,5100.0,,6
Обсяг утворених відходів,Чернівецька,"Підприємства, що здійснюють утворення та оброблення відходів за місцем реєстрації",I-III. Небезпечні відходи,Загалом,Загалом,,,,,,0.0,,100.0,100.0,100.0,4
Обсяг утворених відходів,Херсонська,"Підприємства, що здійснюють утворення та оброблення відходів за місцем реєстрації",IV. Не небезпечні відходи,Загалом,Загалом,,,,,,67900.0,,4200.0,3500.0,142500.0,4
Обсяг утворених відходів,Хмельницька,"Підприємства, що здійснюють утворення та оброблення відходів за місцем фактичної діяльності",IV. Не небезпечні відходи,Загалом,Загалом,960400.0,1297400.0,924800.0,897800.0,899000.0,,,,895800.0,,6
Обсяг утворених відходів,Сумська,"Підприємства, що здійснюють утворення та оброблення відходів за місцем реєстрації",I-IV. Відходи в цілому,Загалом,Загалом,,,,,,728500.0,,437300.0,445500.0,298800.0,4
Обсяг утворених відходів,Рівненська,"Підприємства, що здійснюють утворення та оброблення відходів за місцем фактичної діяльності",I-IV. Відходи в цілому,Загалом,Загалом,843300.0,713200.0,457700.0,484200.0,519900.0,,,,511000.0,,6
Обсяг утворених відходів,Миколаївська,"Підприємства, що здійснюють утворення та оброблення відходів за місцем фактичної діяльності",I-III. Небезпечні відходи,Загалом,Загалом,62600.0,62800.0,16300.0,21500.0,18800.0,,,,51000.0,,6
Обсяг утворених відходів,Полтавська,"Підприємства, що здійснюють утворення та оброблення відходів за місцем реєстрації",IV. Не небезпечні відходи,Загалом,Загалом,,,,,,98022600.0,,40529400.0,22886400.0,42876700.0,4
Обсяг утворених відходів,Миколаївська,"Підприємства, що здійснюють утворення та оброблення відходів за місцем реєстрації",I-IV. Відходи в цілому,Загалом,Загалом,,,,,,2502100.0,,572500.0,349900.0,305300.0,4
Обсяг утворених відходів,Чернігівська,"Підприємства, що здійснюють утворення та оброблення відходів за місцем реєстрації",I-IV. Відходи в цілому,Загалом,Загалом,,,,,,498400.0,,246200.0,306700.0,477200.0,4
Обсяг утворених відходів,Херсонська,"Підприємства, що здійснюють утворення та оброблення відходів за місцем фактичної діяльності",I-III. Небезпечні відходи,Загалом,Загалом,46600.0,34500.0,26800.0,56300.0,21300.0,,,,200.0,,6
Обсяг утворених відходів,Львівська,"Підприємства, що здійснюють утворення та оброблення відходів за місцем фактичної діяльності",I-IV. Відходи в цілому,Загалом,Загалом,2953300.0,2773800.0,2483100.0,2139300.0,2047100.0,,,,1538600.0,,6
Обсяг утворених відходів,Хмельницька,"Підприємства, що здійснюють утворення та оброблення відходів за місцем фактичної діяльності",I-III. Небезпечні відходи,Загалом,Загалом,500.0,2200.0,3400.0,2700.0,1400.0,,,,2600.0,,6
Обсяг утворених відходів,Рівненська,"Підприємства, що здійснюють утворення та оброблення відходів за місцем фактичної діяльності",I-III. Небезпечні відходи,Загалом,Загалом,800.0,600.0,600.0,500.0,700.0,,,,1400.0,,6
Обсяг утворених відходів,Рівненська,"Підприємства, що здійснюють утворення та оброблення відходів за місцем реєстрації",I-III. Небезпечні відходи,Загалом,Загалом,,,,,,700.0,,300.0,700.0,1700.0,4
Обсяг утворених відходів,Чернігівська,"Підприємства, що здійснюють утворення та оброблення відходів за місцем реєстрації",IV. Не небезпечні відходи,Загалом,Загалом,,,,,,497900.0,,246000.0,306200.0,476800.0,4
Обсяг утворених відходів,Тернопільська,"Підприємства, що здійснюють утворення та оброблення відходів за місцем фактичної діяльності",I-III. Небезпечні відходи,Загалом,Загалом,11100.0,9100.0,11900.0,14900.0,12900.0,,,,200.0,,6
Обсяг утворених відходів,Черкаська,"Підприємства, що здійснюють утворення та оброблення відходів за місцем реєстрації",IV. Не небезпечні відходи,Загалом,Загалом,,,,,,1123500.0,,1329200.0,1524300.0,1412900.0,4
Обсяг утворених відходів,Львівська,"Підприємства, що здійснюють утворення та оброблення відходів за місцем реєстрації",I-IV. Відходи в цілому,Загалом,Загалом,,,,,,3121100.0,,2492900.0,2857600.0,2174400.0,4
Обсяг утворених відходів,Черкаська,"Підприємства, що здійснюють утворення та оброблення відходів за місцем фактичної діяльності",I-III. Небезпечні відходи,Загалом,Загалом,700.0,700.0,600.0,800.0,800.0,,,,1200.0,,6
Обсяг утворених відходів,Черкаська,"Підприємства, що здійснюють утворення та оброблення відходів за місцем реєстрації",I-IV. Відходи в цілому,Загалом,Загалом,,,,,,1124200.0,,1330000.0,1525300.0,1414200.0,4
Обсяг утворених відходів,Сумська,"Підприємства, що здійснюють утворення та оброблення відходів за місцем реєстрації",IV. Не небезпечні відходи,Загалом,Загалом,,,,,,580300.0,,374100.0,419300.0,294800.0,4
Обсяг утворених відходів,Чернігівська,"Підприємства, що здійснюють утворення та оброблення відходів за місцем фактичної діяльності",I-III. Небезпечні відходи,Загалом,Загалом,700.0,1000.0,700.0,800.0,700.0,,,,1200.0,,6
Обсяг утворених відходів,Миколаївська,"Підприємства, що здійснюють утворення та оброблення відходів за місцем фактичної діяльності",I-IV. Відходи в цілому,Загалом,Загалом,2306100.0,2366400.0,2327900.0,2410200.0,2327300.0,,,,345600.0,,6
Обсяг утворених відходів,Чернівецька,"Підприємства, що здійснюють утворення та оброблення відходів за місцем фактичної діяльності",I-IV. Відходи в цілому,Загалом,Загалом,398100.0,388500.0,369000.0,308000.0,318700.0,,,,121800.0,,6
Обсяг утворених відходів,Одеська,"Підприємства, що здійснюють утворення та оброблення відходів за місцем реєстрації",I-IV. Відходи в цілому,Загалом,Загалом,,,,,,456200.0,,203600.0,195200.0,227400.0,4
Обсяг утворених відходів,Одеська,"Підприємства, що здійснюють утворення та оброблення відходів за місцем фактичної діяльності",I-IV. Відходи в цілому,Загалом,Загалом,602600.0,647500.0,739900.0,728500.0,638800.0,,,,237500.0,,6
Обсяг утворених відходів,Чернівецька,"Підприємства, що здійснюють утворення та оброблення відходів за місцем реєстрації",I-IV. Відходи в цілому,Загалом,Загалом,,,,,,208900.0,,155800.0,105600.0,78500.0,4
Обсяг утворених відходів,Чернігівська,"Підприємства, що здійснюють утворення та оброблення відходів за місцем фактичної діяльності",IV. Не небезпечні відходи,Загалом,Загалом,866600.0,719600.0,732000.0,716600.0,695200.0,,,,387900.0,,6
Обсяг утворених відходів,Сумська,"Підприємства, що здійснюють утворення та оброблення відходів за місцем фактичної діяльності",I-III. Небезпечні відходи,Загалом,Загалом,100400.0,120900.0,132500.0,138100.0,139600.0,,,,26500.0,,6
Обсяг утворених відходів,Рівненська,"Підприємства, що здійснюють утворення та оброблення відходів за місцем фактичної діяльності",IV. Не небезпечні відходи,Загалом,Загалом,842500.0,712600.0,457100.0,483700.0,519200.00000000006,,,,509600.0,,6
Обсяг утворених відходів,Чернівецька,"Підприємства, що здійснюють утворення та оброблення відходів за місцем реєстрації",IV. Не небезпечні відходи,Загалом,Загалом,,,,,,208900.0,,155700.0,105500.0,78400.0,4
Обсяг утворених відходів,Сумська,"Підприємства, що здійснюють утворення та оброблення відходів за місцем фактичної діяльності",IV. Не небезпечні відходи,Загалом,Загалом,739600.0,551700.0,447900.0,714100.0,724200.0,,,,525700.0,,6
Обсяг утворених відходів,Рівненська,"Підприємства, що здійснюють утворення та оброблення відходів за місцем реєстрації",IV. Не небезпечні відходи,Загалом,Загалом,,,,,,885500.0,,569100.0,487200.0,551000.0,4
Обсяг утворених відходів,Черкаська,"Підприємства, що здійснюють утворення та оброблення відходів за місцем фактичної діяльності",IV. Не небезпечні відходи,Загалом,Загалом,1178500.0,1218500.0,1294500.0,1483800.0,1258800.0,,,,1537600.0,,6
Обсяг утворених відходів,Полтавська,"Підприємства, що здійснюють утворення та оброблення відходів за місцем реєстрації",I-III. Небезпечні відходи,Загалом,Загалом,,,,,,28700.0,,22700.0,38800.0,11400.0,4
Обсяг утворених відходів,Тернопільська,"Підприємства, що здійснюють утворення та оброблення відходів за місцем реєстрації",I-III. Небезпечні відходи,Загалом,Загалом,,,,,,8300.0,,14000.0,200.0,5200.0,4
Обсяг утворених відходів,Тернопільська,"Підприємства, що здійснюють утворення та оброблення відходів за місцем фактичної діяльності",I-IV. Відходи в цілому,Загалом,Загалом,808900.0,862200.0,1905800.0,1651800.0,1062600.0,,,,1453200.0,,6
Обсяг утворених відходів,Одеська,"Підприємства, що здійснюють утворення та оброблення відходів за місцем реєстрації",I-III. Небезпечні відходи,Загалом,Загалом,,,,,,2500.0,,600.0,700.0,1200.0,4
Обсяг утворених відходів,Чернігівська,"Підприємства, що здійснюють утворення та оброблення відходів за місцем реєстрації",I-III. Небезпечні відходи,Загалом,Загалом,,,,,,500.0,,200.0,500.0,400.0,4
Обсяг утворених відходів,Херсонська,"Підприємства, що здійснюють утворення та оброблення відходів за місцем реєстрації",I-III. Небезпечні відходи,Загалом,Загалом,,,,,,22900.0,,500.0,200.0,0.0,4
Обсяг утворених відходів,Чернігівська,"Підприємства, що здійснюють утворення та оброблення відходів за місцем фактичної діяльності",I-IV. Відходи в цілому,Загалом,Загалом,867300.0,720600.0,732700.0,717400.0,695900.0,,,,389100.0,,6
Обсяг утворених відходів,Хмельницька,"Підприємства, що здійснюють утворення та оброблення відходів за місцем реєстрації",I-III. Небезпечні відходи,Загалом,Загалом,,,,,,700.0,,1900.0,1500.0,5400.0,4
Обсяг утворених відходів,Чернівецька,"Підприємства, що здійснюють утворення та оброблення відходів за місцем фактичної діяльності",IV. Не небезпечні відходи,Загалом,Загалом,398000.0,388400.0,368900.0,307900.0,318600.0,,,,121700.0,,6
Обсяг утворених відходів,Одеська,"Підприємства, що здійснюють утворення та оброблення відходів за місцем фактичної діяльності",I-III. Небезпечні відходи,Загалом,Загалом,3400.0,8100.0,2600.0,1900.0,2000.0,,,,1800.0,,6
Обсяг утворених відходів,Миколаївська,"Підприємства, що здійснюють утворення та оброблення відходів за місцем фактичної діяльності",IV. Не небезпечні відходи,Загалом,Загалом,2243500.0,2303600.0,2311600.0,2388700.0,2308500.0,,,,294600.0,,6
Обсяг утворених відходів,Полтавська,"Підприємства, що здійснюють утворення та оброблення відходів за місцем фактичної діяльності",I-III. Небезпечні відходи,Загалом,Загалом,52500.0,51400.0,75500.0,100900.0,79900.0,,,,43900.0,,6
Обсяг утворених відходів,Львівська,"Підприємства, що здійснюють утворення та оброблення відходів за місцем фактичної діяльності",IV. Не небезпечні відходи,Загалом,Загалом,2951800.0,2771700.0,2480500.0,2136600.0,2043000.0,,,,1536300.0,,6
Обсяг утворених відходів,Луганська,"Підприємства, що здійснюють утворення та оброблення відходів за місцем фактичної діяльності",IV. Не небезпечні відходи,Загалом,Загалом,2545900.0,2449300.0,637600.0,550800.0,437600.0,,,,200.0,,6
Обсяг утворених відходів,Чернівецька,"Підприємства, що здійснюють утворення та оброблення відходів за місцем фактичної діяльності",I-III. Небезпечні відходи,Загалом,Загалом,100.0,100.0,100.0,100.0,100.0,,,,100.0,,6
Обсяг утворених відходів,Луганська,"Підприємства, що здійснюють утворення та оброблення відходів за місцем фактичної діяльності",I-III. Небезпечні відходи,Загалом,Загалом,2500.0,7100.0,6400.0,6700.0,5800.0,,,,,,5
Обсяг утворених відходів,Миколаївська,"Підприємства, що здійснюють утворення та оброблення відходів за місцем реєстрації",IV. Не небезпечні відходи,Загалом,Загалом,,,,,,2468500.0,,542500.0,299200.0,304200.0,4
Обсяг утворених відходів,Харківська,"Підприємства, що здійснюють утворення та оброблення відходів за місцем фактичної діяльності",IV. Не небезпечні відходи,Загалом,Загалом,1636900.0,1891100.0,1751000.0,1568100.0,1702800.0,,,,965000.0,,6
Обсяг утворених відходів,Полтавська,"Підприємства, що здійснюють утворення та оброблення відходів за місцем реєстрації",I-IV. Відходи в цілому,Загалом,Загалом,,,,,,98051300.0,,40552100.0,22925200.0,42888100.0,4
Обсяг утворених відходів,Львівська,"Підприємства, що здійснюють утворення та оброблення відходів за місцем реєстрації",IV. Не небезпечні відходи,Загалом,Загалом,,,,,,3119900.0,,2492100.0,2856100.0,2172900.0,4
Обсяг утворених відходів,Тернопільська,"Підприємства, що здійснюють утворення та оброблення відходів за місцем реєстрації",I-IV. Відходи в цілому,Загалом,Загалом,,,,,,279900.0,,315600.0,1434900.0,516799.99999999994,4
Обсяг утворених відходів,Харківська,"Підприємства, що здійснюють утворення та оброблення відходів за місцем реєстрації",I-III. Небезпечні відходи,Загалом,Загалом,,,,,,31800.0,,7800.0,12100.0,3100.0,4
Обсяг утворених відходів,Львівська,"Підприємства, що здійснюють утворення та оброблення відходів за місцем реєстрації",I-III. Небезпечні відходи,Загалом,Загалом,,,,,,1200.0,,800.0,1500.0,1500.0,4
Обсяг утворених відходів,Хмельницька,"Підприємства, що здійснюють утворення та оброблення відходів за місцем реєстрації",I-IV. Відходи в цілому,Загалом,Загалом,,,,,,500900.0,,801700.0,826600.0,1074300.0,4
Обсяг утворених відходів,Харківська,"Підприємства, що здійснюють утворення та оброблення відходів за місцем фактичної діяльності",I-III. Небезпечні відходи,Загалом,Загалом,74500.0,61500.0,52400.0,60400.0,49500.0,,,,34700.0,,6
Обсяг утворених відходів,Харківська,"Підприємства, що здійснюють утворення та оброблення відходів за місцем реєстрації",IV. Не небезпечні відходи,Загалом,Загалом,,,,,,1456000.0,,628800.0,741300.0,736800.0,4
Обсяг утворених відходів,Херсонська,"Підприємства, що здійснюють утворення та оброблення відходів за місцем реєстрації",I-IV. Відходи в цілому,Загалом,Загалом,,,,,,90800.0,,4700.0,3700.0,142500.0,4
Обсяг утворених відходів,Полтавська,"Підприємства, що здійснюють утворення та оброблення відходів за місцем фактичної діяльності",I-IV. Відходи в цілому,Загалом,Загалом,4431700.0,5421200.0,35121800.0,19825700.0,97442800.0,,,,23143700.0,,6
Обсяг утворених відходів,Херсонська,"Підприємства, що здійснюють утворення та оброблення відходів за місцем фактичної діяльності",I-IV. Відходи в цілому,Загалом,Загалом,417300.0,388700.0,399800.0,392500.0,375900.0,,,,5300.0,,6
Обсяг утворених відходів,Луганська,"Підприємства, що здійснюють утворення та оброблення відходів за місцем фактичної діяльності",I-IV. Відходи в цілому,Загалом,Загалом,2548400.0,2456400.0,644000.0,557500.0,443400.0,,,,200.0,,6
Обсяг утворених відходів,Хмельницька,"Підприємства, що здійснюють утворення та оброблення відходів за місцем фактичної діяльності",I-IV. Відходи в цілому,Загалом,Загалом,960900.0,1299600.0,928200.0,900500.0,900400.0,,,,898400.0,,6
Обсяг утворених відходів,Київ,"Підприємства, що здійснюють утворення та оброблення відходів за місцем реєстрації",I-III. Небезпечні відходи,Загалом,Загалом,,,,,,44200.0,,37200.0,55600.0,25800.0,4
Обсяг утворених відходів,Київ,"Підприємства, що здійснюють утворення та оброблення відходів за місцем фактичної діяльності",I-III. Небезпечні відходи,Загалом,Загалом,6000.0,7100.0,7100.0,6400.0,4600.0,,,,6700.0,,6
Обсяг утворених відходів,Київ,"Підприємства, що здійснюють утворення та оброблення відходів за місцем реєстрації",IV. Не небезпечні відходи,Загалом,Загалом,,,,,,3110200.0,,3345600.0,2591300.0,2645700.0,4
Обсяг утворених відходів,Київ,"Підприємства, що здійснюють утворення та оброблення відходів за місцем фактичної діяльності",IV. Не небезпечні відходи,Загалом,Загалом,1604300.0,1661600.0,943200.0,967300.0,994500.0,,,,1587400.0,,6
Обсяг утворених відходів,Київ,"Підприємства, що здійснюють утворення та оброблення відходів за місцем фактичної діяльності",I-IV. Відходи в цілому,Загалом,Загалом,1610300.0,1668700.0,950300.0,973700.0,999100.0,,,,1594100.0,,6
Обсяг утворених відходів,Київ,"Підприємства, що здійснюють утворення та оброблення відходів за місцем реєстрації",I-IV. Відходи в цілому,Загалом,Загалом,,,,,,3154400.0,,3382800.0,2646900.0,2671500.0,4
