Країна,Показник(англ),Показник,Категорія розрізу(англ),Категорія розрізу, Види діяльності,Види продукції,Види продуктів,Групи продуктів,Розріз(англ),Продукти,Рік,Значення в нац. валюті(млн),Курс НБ,Значення в $(млн)
Україна,AGRICULTURE_OUTPUT_CURR,Випуск с/г,TYPES_GROUPS_PROD_ACT,Види (групи) продукції (діяльності),Випуск продукції с/г,Випуск с/г продуктів,Випуск тваринництва,Продукти тваринництва,MILK,Молоко,2014,34231,"15,77","2170,640457"
Україна,AGRICULTURE_OUTPUT_CURR,Випуск с/г,TYPES_GROUPS_PROD_ACT,Види (групи) продукції (діяльності),Випуск продукції с/г,Випуск с/г продуктів,Випуск тваринництва,Продукти тваринництва,MILK,Молоко,2015,40755,24,"1698,125"
Україна,AGRICULTURE_OUTPUT_CURR,Випуск с/г,TYPES_GROUPS_PROD_ACT,Види (групи) продукції (діяльності),Випуск продукції с/г,Випуск с/г продуктів,Випуск тваринництва,Продукти тваринництва,MILK,Молоко,2016,46235,"27,19","1700,441339"
Україна,AGRICULTURE_OUTPUT_CURR,Випуск с/г,TYPES_GROUPS_PROD_ACT,Види (групи) продукції (діяльності),Випуск продукції с/г,Випуск с/г продуктів,Випуск тваринництва,Продукти тваринництва,MILK,Молоко,2017,60620,"28,07","2159,600998"
Україна,AGRICULTURE_OUTPUT_CURR,Випуск с/г,TYPES_GROUPS_PROD_ACT,Види (групи) продукції (діяльності),Випуск продукції с/г,Випуск с/г продуктів,Випуск тваринництва,Продукти тваринництва,MILK,Молоко,2018,64091,"27,69","2314,590105"
Україна,AGRICULTURE_OUTPUT_CURR,Випуск с/г,TYPES_GROUPS_PROD_ACT,Види (групи) продукції (діяльності),Випуск продукції с/г,Випуск с/г продуктів,Випуск тваринництва,Продукти тваринництва,MILK,Молоко,2019,65846,"23,69","2779,485015"
Україна,AGRICULTURE_OUTPUT_CURR,Випуск с/г,TYPES_GROUPS_PROD_ACT,Види (групи) продукції (діяльності),Випуск продукції с/г,Випуск с/г продуктів,Випуск тваринництва,Продукти тваринництва,MILK,Молоко,2020,66721,"28,27","2360,134418"
Україна,AGRICULTURE_OUTPUT_CURR,Випуск с/г,TYPES_GROUPS_PROD_ACT,Види (групи) продукції (діяльності),Випуск продукції с/г,Випуск с/г продуктів,Випуск тваринництва,Продукти тваринництва,MILK,Молоко,2021,75252,"27,28","2758,504399"
Україна,AGRICULTURE_OUTPUT_CURR,Випуск с/г,TYPES_GROUPS_PROD_ACT,Види (групи) продукції (діяльності),Випуск продукції с/г,Випуск с/г продуктів,Випуск тваринництва,Продукти тваринництва,MILK,Молоко,2022,71038,"36,57","1942,521192"
Україна,AGRICULTURE_OUTPUT_CURR,Випуск с/г,TYPES_GROUPS_PROD_ACT,Види (групи) продукції (діяльності),Випуск продукції с/г,Випуск с/г продуктів,Випуск рослинництва,Технічні культури,SUNFLOWER_SEEDS,Насіння соняшнику,2014,36577,"15,77","2319,403932"
Україна,AGRICULTURE_OUTPUT_CURR,Випуск с/г,TYPES_GROUPS_PROD_ACT,Види (групи) продукції (діяльності),Випуск продукції с/г,Випуск с/г продуктів,Випуск рослинництва,Технічні культури,SUNFLOWER_SEEDS,Насіння соняшнику,2015,81542,24,"3397,583333"
Україна,AGRICULTURE_OUTPUT_CURR,Випуск с/г,TYPES_GROUPS_PROD_ACT,Види (групи) продукції (діяльності),Випуск продукції с/г,Випуск с/г продуктів,Випуск рослинництва,Технічні культури,SUNFLOWER_SEEDS,Насіння соняшнику,2016,111304,"27,19","4093,56381"
Україна,AGRICULTURE_OUTPUT_CURR,Випуск с/г,TYPES_GROUPS_PROD_ACT,Види (групи) продукції (діяльності),Випуск продукції с/г,Випуск с/г продуктів,Випуск рослинництва,Технічні культури,SUNFLOWER_SEEDS,Насіння соняшнику,2017,103437,"28,07","3684,966156"
Україна,AGRICULTURE_OUTPUT_CURR,Випуск с/г,TYPES_GROUPS_PROD_ACT,Види (групи) продукції (діяльності),Випуск продукції с/г,Випуск с/г продуктів,Випуск рослинництва,Технічні культури,SUNFLOWER_SEEDS,Насіння соняшнику,2018,125139,"27,69","4519,28494"
Україна,AGRICULTURE_OUTPUT_CURR,Випуск с/г,TYPES_GROUPS_PROD_ACT,Види (групи) продукції (діяльності),Випуск продукції с/г,Випуск с/г продуктів,Випуск рослинництва,Технічні культури,SUNFLOWER_SEEDS,Насіння соняшнику,2019,119261,"23,69","5034,233854"
Україна,AGRICULTURE_OUTPUT_CURR,Випуск с/г,TYPES_GROUPS_PROD_ACT,Види (групи) продукції (діяльності),Випуск продукції с/г,Випуск с/г продуктів,Випуск рослинництва,Технічні культури,SUNFLOWER_SEEDS,Насіння соняшнику,2020,142477,"28,27","5039,865582"
Україна,AGRICULTURE_OUTPUT_CURR,Випуск с/г,TYPES_GROUPS_PROD_ACT,Види (групи) продукції (діяльності),Випуск продукції с/г,Випуск с/г продуктів,Випуск рослинництва,Технічні культури,SUNFLOWER_SEEDS,Насіння соняшнику,2021,273273,"27,28","10017,33871"
Україна,AGRICULTURE_OUTPUT_CURR,Випуск с/г,TYPES_GROUPS_PROD_ACT,Види (групи) продукції (діяльності),Випуск продукції с/г,Випуск с/г продуктів,Випуск рослинництва,Технічні культури,SUNFLOWER_SEEDS,Насіння соняшнику,2022,168461,"36,57","4606,535412"
Україна,AGRICULTURE_OUTPUT_CURR,Випуск с/г,TYPES_GROUPS_PROD_ACT,Види (групи) продукції (діяльності),Випуск продукції с/г,Випуск с/г продуктів,Випуск рослинництва,Зернові культури,OTH_GRAIN_CROPS,"Просо, гречка та інші зернові",2014,3121,"15,77","197,9074192"
Україна,AGRICULTURE_OUTPUT_CURR,Випуск с/г,TYPES_GROUPS_PROD_ACT,Види (групи) продукції (діяльності),Випуск продукції с/г,Випуск с/г продуктів,Випуск рослинництва,Зернові культури,OTH_GRAIN_CROPS,"Просо, гречка та інші зернові",2015,5544,24,231
Україна,AGRICULTURE_OUTPUT_CURR,Випуск с/г,TYPES_GROUPS_PROD_ACT,Види (групи) продукції (діяльності),Випуск продукції с/г,Випуск с/г продуктів,Випуск рослинництва,Зернові культури,OTH_GRAIN_CROPS,"Просо, гречка та інші зернові",2016,12630,"27,19","464,5090107"
Україна,AGRICULTURE_OUTPUT_CURR,Випуск с/г,TYPES_GROUPS_PROD_ACT,Види (групи) продукції (діяльності),Випуск продукції с/г,Випуск с/г продуктів,Випуск рослинництва,Зернові культури,OTH_GRAIN_CROPS,"Просо, гречка та інші зернові",2017,17379,"28,07","619,1307446"
Україна,AGRICULTURE_OUTPUT_CURR,Випуск с/г,TYPES_GROUPS_PROD_ACT,Види (групи) продукції (діяльності),Випуск продукції с/г,Випуск с/г продуктів,Випуск рослинництва,Зернові культури,OTH_GRAIN_CROPS,"Просо, гречка та інші зернові",2018,12978,"27,69","468,6890574"
Україна,AGRICULTURE_OUTPUT_CURR,Випуск с/г,TYPES_GROUPS_PROD_ACT,Види (групи) продукції (діяльності),Випуск продукції с/г,Випуск с/г продуктів,Випуск рослинництва,Зернові культури,OTH_GRAIN_CROPS,"Просо, гречка та інші зернові",2019,10495,"23,69","443,0139299"
Україна,AGRICULTURE_OUTPUT_CURR,Випуск с/г,TYPES_GROUPS_PROD_ACT,Види (групи) продукції (діяльності),Випуск продукції с/г,Випуск с/г продуктів,Випуск рослинництва,Зернові культури,OTH_GRAIN_CROPS,"Просо, гречка та інші зернові",2020,11143,"28,27","394,1634241"
Україна,AGRICULTURE_OUTPUT_CURR,Випуск с/г,TYPES_GROUPS_PROD_ACT,Види (групи) продукції (діяльності),Випуск продукції с/г,Випуск с/г продуктів,Випуск рослинництва,Зернові культури,OTH_GRAIN_CROPS,"Просо, гречка та інші зернові",2021,16207,"27,28","594,0982405"
Україна,AGRICULTURE_OUTPUT_CURR,Випуск с/г,TYPES_GROUPS_PROD_ACT,Види (групи) продукції (діяльності),Випуск продукції с/г,Випуск с/г продуктів,Випуск рослинництва,Зернові культури,OTH_GRAIN_CROPS,"Просо, гречка та інші зернові",2022,9860,"36,57","269,619907"
Україна,AGRICULTURE_OUTPUT_CURR,Випуск с/г,TYPES_GROUPS_PROD_ACT,Види (групи) продукції (діяльності),Випуск продукції с/г,Випуск с/г продуктів,Випуск тваринництва,Продукти тваринництва,HONEY,Мед,2014,1930,"15,77","122,3842739"
Україна,AGRICULTURE_OUTPUT_CURR,Випуск с/г,TYPES_GROUPS_PROD_ACT,Види (групи) продукції (діяльності),Випуск продукції с/г,Випуск с/г продуктів,Випуск тваринництва,Продукти тваринництва,HONEY,Мед,2015,3135,24,"130,625"
Україна,AGRICULTURE_OUTPUT_CURR,Випуск с/г,TYPES_GROUPS_PROD_ACT,Види (групи) продукції (діяльності),Випуск продукції с/г,Випуск с/г продуктів,Випуск тваринництва,Продукти тваринництва,HONEY,Мед,2016,3361,"27,19","123,6116219"
Україна,AGRICULTURE_OUTPUT_CURR,Випуск с/г,TYPES_GROUPS_PROD_ACT,Види (групи) продукції (діяльності),Випуск продукції с/г,Випуск с/г продуктів,Випуск тваринництва,Продукти тваринництва,HONEY,Мед,2017,4215,"28,07","150,1603135"
Україна,AGRICULTURE_OUTPUT_CURR,Випуск с/г,TYPES_GROUPS_PROD_ACT,Види (групи) продукції (діяльності),Випуск продукції с/г,Випуск с/г продуктів,Випуск тваринництва,Продукти тваринництва,HONEY,Мед,2018,5271,"27,69","190,3575298"
Україна,AGRICULTURE_OUTPUT_CURR,Випуск с/г,TYPES_GROUPS_PROD_ACT,Види (групи) продукції (діяльності),Випуск продукції с/г,Випуск с/г продуктів,Випуск тваринництва,Продукти тваринництва,HONEY,Мед,2019,4655,"23,69","196,496412"
Україна,AGRICULTURE_OUTPUT_CURR,Випуск с/г,TYPES_GROUPS_PROD_ACT,Види (групи) продукції (діяльності),Випуск продукції с/г,Випуск с/г продуктів,Випуск тваринництва,Продукти тваринництва,HONEY,Мед,2020,4573,"28,27","161,7615847"
Україна,AGRICULTURE_OUTPUT_CURR,Випуск с/г,TYPES_GROUPS_PROD_ACT,Види (групи) продукції (діяльності),Випуск продукції с/г,Випуск с/г продуктів,Випуск тваринництва,Продукти тваринництва,HONEY,Мед,2021,5607,"27,28","205,5351906"
Україна,AGRICULTURE_OUTPUT_CURR,Випуск с/г,TYPES_GROUPS_PROD_ACT,Види (групи) продукції (діяльності),Випуск продукції с/г,Випуск с/г продуктів,Випуск тваринництва,Продукти тваринництва,HONEY,Мед,2022,5902,"36,57","161,3891168"
Україна,AGRICULTURE_OUTPUT_CURR,Випуск с/г,TYPES_GROUPS_PROD_ACT,Види (групи) продукції (діяльності),Випуск продукції с/г,Випуск с/г продуктів,Випуск тваринництва,Продукти тваринництва,EGGS,Яйця,2014,13968,"15,77","885,7324033"
Україна,AGRICULTURE_OUTPUT_CURR,Випуск с/г,TYPES_GROUPS_PROD_ACT,Види (групи) продукції (діяльності),Випуск продукції с/г,Випуск с/г продуктів,Випуск тваринництва,Продукти тваринництва,EGGS,Яйця,2015,21180,24,"882,5"
Україна,AGRICULTURE_OUTPUT_CURR,Випуск с/г,TYPES_GROUPS_PROD_ACT,Види (групи) продукції (діяльності),Випуск продукції с/г,Випуск с/г продуктів,Випуск тваринництва,Продукти тваринництва,EGGS,Яйця,2016,17532,"27,19","644,7958808"
Україна,AGRICULTURE_OUTPUT_CURR,Випуск с/г,TYPES_GROUPS_PROD_ACT,Види (групи) продукції (діяльності),Випуск продукції с/г,Випуск с/г продуктів,Випуск тваринництва,Продукти тваринництва,EGGS,Яйця,2017,18615,"28,07","663,1635198"
Україна,AGRICULTURE_OUTPUT_CURR,Випуск с/г,TYPES_GROUPS_PROD_ACT,Види (групи) продукції (діяльності),Випуск продукції с/г,Випуск с/г продуктів,Випуск тваринництва,Продукти тваринництва,EGGS,Яйця,2018,24705,"27,69","892,1993499"
Україна,AGRICULTURE_OUTPUT_CURR,Випуск с/г,TYPES_GROUPS_PROD_ACT,Види (групи) продукції (діяльності),Випуск продукції с/г,Випуск с/г продуктів,Випуск тваринництва,Продукти тваринництва,EGGS,Яйця,2019,21199,"23,69","894,8501477"
Україна,AGRICULTURE_OUTPUT_CURR,Випуск с/г,TYPES_GROUPS_PROD_ACT,Види (групи) продукції (діяльності),Випуск продукції с/г,Випуск с/г продуктів,Випуск тваринництва,Продукти тваринництва,EGGS,Яйця,2020,21454,"28,27","758,8963566"
Україна,AGRICULTURE_OUTPUT_CURR,Випуск с/г,TYPES_GROUPS_PROD_ACT,Види (групи) продукції (діяльності),Випуск продукції с/г,Випуск с/г продуктів,Випуск тваринництва,Продукти тваринництва,EGGS,Яйця,2021,27860,"27,28","1021,260997"
Україна,AGRICULTURE_OUTPUT_CURR,Випуск с/г,TYPES_GROUPS_PROD_ACT,Види (групи) продукції (діяльності),Випуск продукції с/г,Випуск с/г продуктів,Випуск тваринництва,Продукти тваринництва,EGGS,Яйця,2022,28915,"36,57","790,675417"
Україна,AGRICULTURE_OUTPUT_CURR,Випуск с/г,TYPES_GROUPS_PROD_ACT,Види (групи) продукції (діяльності),Випуск продукції с/г,Випуск с/г продуктів,Випуск тваринництва,Вирощування с/г тварин,PIGS,Свині,2014,18468,"15,77","1171,084337"
Україна,AGRICULTURE_OUTPUT_CURR,Випуск с/г,TYPES_GROUPS_PROD_ACT,Види (групи) продукції (діяльності),Випуск продукції с/г,Випуск с/г продуктів,Випуск тваринництва,Вирощування с/г тварин,PIGS,Свині,2015,24898,24,"1037,416667"
Україна,AGRICULTURE_OUTPUT_CURR,Випуск с/г,TYPES_GROUPS_PROD_ACT,Види (групи) продукції (діяльності),Випуск продукції с/г,Випуск с/г продуктів,Випуск тваринництва,Вирощування с/г тварин,PIGS,Свині,2016,24065,"27,19","885,0680397"
Україна,AGRICULTURE_OUTPUT_CURR,Випуск с/г,TYPES_GROUPS_PROD_ACT,Види (групи) продукції (діяльності),Випуск продукції с/г,Випуск с/г продуктів,Випуск тваринництва,Вирощування с/г тварин,PIGS,Свині,2017,30589,"28,07","1089,739936"
Україна,AGRICULTURE_OUTPUT_CURR,Випуск с/г,TYPES_GROUPS_PROD_ACT,Види (групи) продукції (діяльності),Випуск продукції с/г,Випуск с/г продуктів,Випуск тваринництва,Вирощування с/г тварин,PIGS,Свині,2018,36966,"27,69","1334,994583"
Україна,AGRICULTURE_OUTPUT_CURR,Випуск с/г,TYPES_GROUPS_PROD_ACT,Види (групи) продукції (діяльності),Випуск продукції с/г,Випуск с/г продуктів,Випуск тваринництва,Вирощування с/г тварин,PIGS,Свині,2019,36276,"23,69","1531,279021"
Україна,AGRICULTURE_OUTPUT_CURR,Випуск с/г,TYPES_GROUPS_PROD_ACT,Види (групи) продукції (діяльності),Випуск продукції с/г,Випуск с/г продуктів,Випуск тваринництва,Вирощування с/г тварин,PIGS,Свині,2020,37646,"28,27","1331,659002"
Україна,AGRICULTURE_OUTPUT_CURR,Випуск с/г,TYPES_GROUPS_PROD_ACT,Види (групи) продукції (діяльності),Випуск продукції с/г,Випуск с/г продуктів,Випуск тваринництва,Вирощування с/г тварин,PIGS,Свині,2021,38464,"27,28","1409,970674"
Україна,AGRICULTURE_OUTPUT_CURR,Випуск с/г,TYPES_GROUPS_PROD_ACT,Види (групи) продукції (діяльності),Випуск продукції с/г,Випуск с/г продуктів,Випуск тваринництва,Вирощування с/г тварин,PIGS,Свині,2022,43848,"36,57","1199,015587"
Україна,AGRICULTURE_OUTPUT_CURR,Випуск с/г,TYPES_GROUPS_PROD_ACT,Види (групи) продукції (діяльності),Випуск продукції с/г,Випуск с/г продуктів,Випуск рослинництва,Технічні культури,SOYA,Соя,2014,16759,"15,77","1062,714014"
Україна,AGRICULTURE_OUTPUT_CURR,Випуск с/г,TYPES_GROUPS_PROD_ACT,Види (групи) продукції (діяльності),Випуск продукції с/г,Випуск с/г продуктів,Випуск рослинництва,Технічні культури,SOYA,Соя,2015,27555,24,"1148,125"
Україна,AGRICULTURE_OUTPUT_CURR,Випуск с/г,TYPES_GROUPS_PROD_ACT,Види (групи) продукції (діяльності),Випуск продукції с/г,Випуск с/г продуктів,Випуск рослинництва,Технічні культури,SOYA,Соя,2016,35680,"27,19","1312,24715"
Україна,AGRICULTURE_OUTPUT_CURR,Випуск с/г,TYPES_GROUPS_PROD_ACT,Види (групи) продукції (діяльності),Випуск продукції с/г,Випуск с/г продуктів,Випуск рослинництва,Технічні культури,SOYA,Соя,2017,34620,"28,07","1233,345208"
Україна,AGRICULTURE_OUTPUT_CURR,Випуск с/г,TYPES_GROUPS_PROD_ACT,Види (групи) продукції (діяльності),Випуск продукції с/г,Випуск с/г продуктів,Випуск рослинництва,Технічні культури,SOYA,Соя,2018,42247,"27,69","1525,713254"
Україна,AGRICULTURE_OUTPUT_CURR,Випуск с/г,TYPES_GROUPS_PROD_ACT,Види (групи) продукції (діяльності),Випуск продукції с/г,Випуск с/г продуктів,Випуск рослинництва,Технічні культури,SOYA,Соя,2019,30125,"23,69","1271,633601"
Україна,AGRICULTURE_OUTPUT_CURR,Випуск с/г,TYPES_GROUPS_PROD_ACT,Види (групи) продукції (діяльності),Випуск продукції с/г,Випуск с/г продуктів,Випуск рослинництва,Технічні культури,SOYA,Соя,2020,30078,"28,27","1063,954722"
Україна,AGRICULTURE_OUTPUT_CURR,Випуск с/г,TYPES_GROUPS_PROD_ACT,Види (групи) продукції (діяльності),Випуск продукції с/г,Випуск с/г продуктів,Випуск рослинництва,Технічні культури,SOYA,Соя,2021,54231,"27,28","1987,939883"
Україна,AGRICULTURE_OUTPUT_CURR,Випуск с/г,TYPES_GROUPS_PROD_ACT,Види (групи) продукції (діяльності),Випуск продукції с/г,Випуск с/г продуктів,Випуск рослинництва,Технічні культури,SOYA,Соя,2022,51699,"36,57","1413,699754"
Україна,AGRICULTURE_OUTPUT_CURR,Випуск с/г,TYPES_GROUPS_PROD_ACT,Види (групи) продукції (діяльності),Випуск продукції с/г,Випуск с/г продуктів,Випуск рослинництва,Технічні культури,RAPE,Ріпак,2014,9151,"15,77","580,2790108"
Україна,AGRICULTURE_OUTPUT_CURR,Випуск с/г,TYPES_GROUPS_PROD_ACT,Види (групи) продукції (діяльності),Випуск продукції с/г,Випуск с/г продуктів,Випуск рослинництва,Технічні культури,RAPE,Ріпак,2015,13017,24,"542,375"
Україна,AGRICULTURE_OUTPUT_CURR,Випуск с/г,TYPES_GROUPS_PROD_ACT,Види (групи) продукції (діяльності),Випуск продукції с/г,Випуск с/г продуктів,Випуск рослинництва,Технічні культури,RAPE,Ріпак,2016,10460,"27,19","384,7002574"
Україна,AGRICULTURE_OUTPUT_CURR,Випуск с/г,TYPES_GROUPS_PROD_ACT,Види (групи) продукції (діяльності),Випуск продукції с/г,Випуск с/г продуктів,Випуск рослинництва,Технічні культури,RAPE,Ріпак,2017,22044,"28,07","785,3224083"
Україна,AGRICULTURE_OUTPUT_CURR,Випуск с/г,TYPES_GROUPS_PROD_ACT,Види (групи) продукції (діяльності),Випуск продукції с/г,Випуск с/г продуктів,Випуск рослинництва,Технічні культури,RAPE,Ріпак,2018,28511,"27,69","1029,649693"
Україна,AGRICULTURE_OUTPUT_CURR,Випуск с/г,TYPES_GROUPS_PROD_ACT,Види (групи) продукції (діяльності),Випуск продукції с/г,Випуск с/г продуктів,Випуск рослинництва,Технічні культури,RAPE,Ріпак,2019,31418,"23,69","1326,213592"
Україна,AGRICULTURE_OUTPUT_CURR,Випуск с/г,TYPES_GROUPS_PROD_ACT,Види (групи) продукції (діяльності),Випуск продукції с/г,Випуск с/г продуктів,Випуск рослинництва,Технічні культури,RAPE,Ріпак,2020,27921,"28,27","987,6547577"
Україна,AGRICULTURE_OUTPUT_CURR,Випуск с/г,TYPES_GROUPS_PROD_ACT,Види (групи) продукції (діяльності),Випуск продукції с/г,Випуск с/г продуктів,Випуск рослинництва,Технічні культури,RAPE,Ріпак,2021,47427,"27,28","1738,526393"
Україна,AGRICULTURE_OUTPUT_CURR,Випуск с/г,TYPES_GROUPS_PROD_ACT,Види (групи) продукції (діяльності),Випуск продукції с/г,Випуск с/г продуктів,Випуск рослинництва,Технічні культури,RAPE,Ріпак,2022,49475,"36,57","1352,884878"
Україна,AGRICULTURE_OUTPUT_CURR,Випуск с/г,TYPES_GROUPS_PROD_ACT,Види (групи) продукції (діяльності),Випуск продукції с/г,Випуск с/г продуктів,Випуск тваринництва,Вирощування с/г тварин,OTH_ANIMALS,Інше тваринництво,2014,414,"15,77","26,25237793"
Україна,AGRICULTURE_OUTPUT_CURR,Випуск с/г,TYPES_GROUPS_PROD_ACT,Види (групи) продукції (діяльності),Випуск продукції с/г,Випуск с/г продуктів,Випуск тваринництва,Вирощування с/г тварин,OTH_ANIMALS,Інше тваринництво,2015,898,24,"37,41666667"
Україна,AGRICULTURE_OUTPUT_CURR,Випуск с/г,TYPES_GROUPS_PROD_ACT,Види (групи) продукції (діяльності),Випуск продукції с/г,Випуск с/г продуктів,Випуск тваринництва,Вирощування с/г тварин,OTH_ANIMALS,Інше тваринництво,2016,888,"27,19","32,65906583"
Україна,AGRICULTURE_OUTPUT_CURR,Випуск с/г,TYPES_GROUPS_PROD_ACT,Види (групи) продукції (діяльності),Випуск продукції с/г,Випуск с/г продуктів,Випуск тваринництва,Вирощування с/г тварин,OTH_ANIMALS,Інше тваринництво,2017,1074,"28,07","38,26148913"
Україна,AGRICULTURE_OUTPUT_CURR,Випуск с/г,TYPES_GROUPS_PROD_ACT,Види (групи) продукції (діяльності),Випуск продукції с/г,Випуск с/г продуктів,Випуск тваринництва,Вирощування с/г тварин,OTH_ANIMALS,Інше тваринництво,2018,1195,"27,69","43,15637414"
Україна,AGRICULTURE_OUTPUT_CURR,Випуск с/г,TYPES_GROUPS_PROD_ACT,Види (групи) продукції (діяльності),Випуск продукції с/г,Випуск с/г продуктів,Випуск тваринництва,Вирощування с/г тварин,OTH_ANIMALS,Інше тваринництво,2019,1118,"23,69","47,1929084"
Україна,AGRICULTURE_OUTPUT_CURR,Випуск с/г,TYPES_GROUPS_PROD_ACT,Види (групи) продукції (діяльності),Випуск продукції с/г,Випуск с/г продуктів,Випуск тваринництва,Вирощування с/г тварин,OTH_ANIMALS,Інше тваринництво,2020,1102,"28,27","38,98125221"
Україна,AGRICULTURE_OUTPUT_CURR,Випуск с/г,TYPES_GROUPS_PROD_ACT,Види (групи) продукції (діяльності),Випуск продукції с/г,Випуск с/г продуктів,Випуск тваринництва,Вирощування с/г тварин,OTH_ANIMALS,Інше тваринництво,2021,1299,"27,28","47,61730205"
Україна,AGRICULTURE_OUTPUT_CURR,Випуск с/г,TYPES_GROUPS_PROD_ACT,Види (групи) продукції (діяльності),Випуск продукції с/г,Випуск с/г продуктів,Випуск тваринництва,Вирощування с/г тварин,OTH_ANIMALS,Інше тваринництво,2022,692,"36,57","18,92261416"
Україна,AGRICULTURE_OUTPUT_CURR,Випуск с/г,TYPES_GROUPS_PROD_ACT,Види (групи) продукції (діяльності),Випуск продукції с/г,Випуск с/г продуктів,Випуск тваринництва,Вирощування с/г тварин,CATTLE,Велика рогата худоба,2014,9130,"15,77","578,9473684"
Україна,AGRICULTURE_OUTPUT_CURR,Випуск с/г,TYPES_GROUPS_PROD_ACT,Види (групи) продукції (діяльності),Випуск продукції с/г,Випуск с/г продуктів,Випуск тваринництва,Вирощування с/г тварин,CATTLE,Велика рогата худоба,2015,13584,24,566
Україна,AGRICULTURE_OUTPUT_CURR,Випуск с/г,TYPES_GROUPS_PROD_ACT,Види (групи) продукції (діяльності),Випуск продукції с/г,Випуск с/г продуктів,Випуск тваринництва,Вирощування с/г тварин,CATTLE,Велика рогата худоба,2016,13927,"27,19","512,2103715"
Україна,AGRICULTURE_OUTPUT_CURR,Випуск с/г,TYPES_GROUPS_PROD_ACT,Види (групи) продукції (діяльності),Випуск продукції с/г,Випуск с/г продуктів,Випуск тваринництва,Вирощування с/г тварин,CATTLE,Велика рогата худоба,2017,17013,"28,07","606,0919131"
Україна,AGRICULTURE_OUTPUT_CURR,Випуск с/г,TYPES_GROUPS_PROD_ACT,Види (групи) продукції (діяльності),Випуск продукції с/г,Випуск с/г продуктів,Випуск тваринництва,Вирощування с/г тварин,CATTLE,Велика рогата худоба,2018,18535,"27,69","669,3752257"
Україна,AGRICULTURE_OUTPUT_CURR,Випуск с/г,TYPES_GROUPS_PROD_ACT,Види (групи) продукції (діяльності),Випуск продукції с/г,Випуск с/г продуктів,Випуск тваринництва,Вирощування с/г тварин,CATTLE,Велика рогата худоба,2019,17349,"23,69","732,3343183"
Україна,AGRICULTURE_OUTPUT_CURR,Випуск с/г,TYPES_GROUPS_PROD_ACT,Види (групи) продукції (діяльності),Випуск продукції с/г,Випуск с/г продуктів,Випуск тваринництва,Вирощування с/г тварин,CATTLE,Велика рогата худоба,2020,18905,"28,27","668,7301026"
Україна,AGRICULTURE_OUTPUT_CURR,Випуск с/г,TYPES_GROUPS_PROD_ACT,Види (групи) продукції (діяльності),Випуск продукції с/г,Випуск с/г продуктів,Випуск тваринництва,Вирощування с/г тварин,CATTLE,Велика рогата худоба,2021,19986,"27,28","732,6246334"
Україна,AGRICULTURE_OUTPUT_CURR,Випуск с/г,TYPES_GROUPS_PROD_ACT,Види (групи) продукції (діяльності),Випуск продукції с/г,Випуск с/г продуктів,Випуск тваринництва,Вирощування с/г тварин,CATTLE,Велика рогата худоба,2022,15522,"36,57","424,4462674"
Україна,AGRICULTURE_OUTPUT_CURR,Випуск с/г,TYPES_GROUPS_PROD_ACT,Види (групи) продукції (діяльності),Випуск продукції с/г,Випуск с/г продуктів,Випуск тваринництва,Продукти тваринництва,OTH_ANIMAL_PROD,Інші продукти тваринництва,2014,319,"15,77","20,22828155"
Україна,AGRICULTURE_OUTPUT_CURR,Випуск с/г,TYPES_GROUPS_PROD_ACT,Види (групи) продукції (діяльності),Випуск продукції с/г,Випуск с/г продуктів,Випуск тваринництва,Продукти тваринництва,OTH_ANIMAL_PROD,Інші продукти тваринництва,2015,512,24,"21,33333333"
Україна,AGRICULTURE_OUTPUT_CURR,Випуск с/г,TYPES_GROUPS_PROD_ACT,Види (групи) продукції (діяльності),Випуск продукції с/г,Випуск с/г продуктів,Випуск тваринництва,Продукти тваринництва,OTH_ANIMAL_PROD,Інші продукти тваринництва,2016,803,"27,19","29,53291651"
Україна,AGRICULTURE_OUTPUT_CURR,Випуск с/г,TYPES_GROUPS_PROD_ACT,Види (групи) продукції (діяльності),Випуск продукції с/г,Випуск с/г продуктів,Випуск тваринництва,Продукти тваринництва,OTH_ANIMAL_PROD,Інші продукти тваринництва,2017,877,"28,07","31,24332027"
Україна,AGRICULTURE_OUTPUT_CURR,Випуск с/г,TYPES_GROUPS_PROD_ACT,Види (групи) продукції (діяльності),Випуск продукції с/г,Випуск с/г продуктів,Випуск тваринництва,Продукти тваринництва,OTH_ANIMAL_PROD,Інші продукти тваринництва,2018,863,"27,69","31,1664861"
Україна,AGRICULTURE_OUTPUT_CURR,Випуск с/г,TYPES_GROUPS_PROD_ACT,Види (групи) продукції (діяльності),Випуск продукції с/г,Випуск с/г продуктів,Випуск тваринництва,Продукти тваринництва,OTH_ANIMAL_PROD,Інші продукти тваринництва,2019,839,"23,69","35,41578725"
Україна,AGRICULTURE_OUTPUT_CURR,Випуск с/г,TYPES_GROUPS_PROD_ACT,Види (групи) продукції (діяльності),Випуск продукції с/г,Випуск с/г продуктів,Випуск тваринництва,Продукти тваринництва,OTH_ANIMAL_PROD,Інші продукти тваринництва,2020,836,"28,27","29,57198444"
Україна,AGRICULTURE_OUTPUT_CURR,Випуск с/г,TYPES_GROUPS_PROD_ACT,Види (групи) продукції (діяльності),Випуск продукції с/г,Випуск с/г продуктів,Випуск тваринництва,Продукти тваринництва,OTH_ANIMAL_PROD,Інші продукти тваринництва,2021,976,"27,28","35,7771261"
Україна,AGRICULTURE_OUTPUT_CURR,Випуск с/г,TYPES_GROUPS_PROD_ACT,Види (групи) продукції (діяльності),Випуск продукції с/г,Випуск с/г продуктів,Випуск тваринництва,Продукти тваринництва,OTH_ANIMAL_PROD,Інші продукти тваринництва,2022,1117,"36,57","30,54416188"
Україна,AGRICULTURE_OUTPUT_CURR,Випуск с/г,TYPES_GROUPS_PROD_ACT,Види (групи) продукції (діяльності),Випуск продукції с/г,Випуск с/г продуктів,Випуск тваринництва,Вирощування с/г тварин,SHEEP_GOATS,Вівці та кози,2014,375,"15,77","23,77932784"
Україна,AGRICULTURE_OUTPUT_CURR,Випуск с/г,TYPES_GROUPS_PROD_ACT,Види (групи) продукції (діяльності),Випуск продукції с/г,Випуск с/г продуктів,Випуск тваринництва,Вирощування с/г тварин,SHEEP_GOATS,Вівці та кози,2015,491,24,"20,45833333"
Україна,AGRICULTURE_OUTPUT_CURR,Випуск с/г,TYPES_GROUPS_PROD_ACT,Види (групи) продукції (діяльності),Випуск продукції с/г,Випуск с/г продуктів,Випуск тваринництва,Вирощування с/г тварин,SHEEP_GOATS,Вівці та кози,2016,554,"27,19","20,37513792"
Україна,AGRICULTURE_OUTPUT_CURR,Випуск с/г,TYPES_GROUPS_PROD_ACT,Види (групи) продукції (діяльності),Випуск продукції с/г,Випуск с/г продуктів,Випуск тваринництва,Вирощування с/г тварин,SHEEP_GOATS,Вівці та кози,2017,556,"28,07","19,8076238"
Україна,AGRICULTURE_OUTPUT_CURR,Випуск с/г,TYPES_GROUPS_PROD_ACT,Види (групи) продукції (діяльності),Випуск продукції с/г,Випуск с/г продуктів,Випуск тваринництва,Вирощування с/г тварин,SHEEP_GOATS,Вівці та кози,2018,731,"27,69","26,39942217"
Україна,AGRICULTURE_OUTPUT_CURR,Випуск с/г,TYPES_GROUPS_PROD_ACT,Види (групи) продукції (діяльності),Випуск продукції с/г,Випуск с/г продуктів,Випуск тваринництва,Вирощування с/г тварин,SHEEP_GOATS,Вівці та кози,2019,687,"23,69","28,99957788"
Україна,AGRICULTURE_OUTPUT_CURR,Випуск с/г,TYPES_GROUPS_PROD_ACT,Види (групи) продукції (діяльності),Випуск продукції с/г,Випуск с/г продуктів,Випуск тваринництва,Вирощування с/г тварин,SHEEP_GOATS,Вівці та кози,2020,778,"28,27","27,52033958"
Україна,AGRICULTURE_OUTPUT_CURR,Випуск с/г,TYPES_GROUPS_PROD_ACT,Види (групи) продукції (діяльності),Випуск продукції с/г,Випуск с/г продуктів,Випуск тваринництва,Вирощування с/г тварин,SHEEP_GOATS,Вівці та кози,2021,1033,"27,28","37,86656891"
Україна,AGRICULTURE_OUTPUT_CURR,Випуск с/г,TYPES_GROUPS_PROD_ACT,Види (групи) продукції (діяльності),Випуск продукції с/г,Випуск с/г продуктів,Випуск тваринництва,Вирощування с/г тварин,SHEEP_GOATS,Вівці та кози,2022,1697,"36,57","46,40415641"
Україна,AGRICULTURE_OUTPUT_CURR,Випуск с/г,TYPES_GROUPS_PROD_ACT,Види (групи) продукції (діяльності),Випуск продукції с/г,Випуск с/г продуктів,Випуск рослинництва,Зернові культури,WHEAT,Пшениця,2014,42847,"15,77","2716,994293"
Україна,AGRICULTURE_OUTPUT_CURR,Випуск с/г,TYPES_GROUPS_PROD_ACT,Види (групи) продукції (діяльності),Випуск продукції с/г,Випуск с/г продуктів,Випуск рослинництва,Зернові культури,WHEAT,Пшениця,2015,70993,24,"2958,041667"
Україна,AGRICULTURE_OUTPUT_CURR,Випуск с/г,TYPES_GROUPS_PROD_ACT,Види (групи) продукції (діяльності),Випуск продукції с/г,Випуск с/г продуктів,Випуск рослинництва,Зернові культури,WHEAT,Пшениця,2016,81184,"27,19","2985,803604"
Україна,AGRICULTURE_OUTPUT_CURR,Випуск с/г,TYPES_GROUPS_PROD_ACT,Види (групи) продукції (діяльності),Випуск продукції с/г,Випуск с/г продуктів,Випуск рослинництва,Зернові культури,WHEAT,Пшениця,2017,94588,"28,07","3369,718561"
Україна,AGRICULTURE_OUTPUT_CURR,Випуск с/г,TYPES_GROUPS_PROD_ACT,Види (групи) продукції (діяльності),Випуск продукції с/г,Випуск с/г продуктів,Випуск рослинництва,Зернові культури,WHEAT,Пшениця,2018,109884,"27,69","3968,36403"
Україна,AGRICULTURE_OUTPUT_CURR,Випуск с/г,TYPES_GROUPS_PROD_ACT,Види (групи) продукції (діяльності),Випуск продукції с/г,Випуск с/г продуктів,Випуск рослинництва,Зернові культури,WHEAT,Пшениця,2019,113855,"23,69","4806,036302"
Україна,AGRICULTURE_OUTPUT_CURR,Випуск с/г,TYPES_GROUPS_PROD_ACT,Види (групи) продукції (діяльності),Випуск продукції с/г,Випуск с/г продуктів,Випуск рослинництва,Зернові культури,WHEAT,Пшениця,2020,122984,"28,27","4350,336045"
Україна,AGRICULTURE_OUTPUT_CURR,Випуск с/г,TYPES_GROUPS_PROD_ACT,Види (групи) продукції (діяльності),Випуск продукції с/г,Випуск с/г продуктів,Випуск рослинництва,Зернові культури,WHEAT,Пшениця,2021,205035,"27,28","7515,945748"
Україна,AGRICULTURE_OUTPUT_CURR,Випуск с/г,TYPES_GROUPS_PROD_ACT,Види (групи) продукції (діяльності),Випуск продукції с/г,Випуск с/г продуктів,Випуск рослинництва,Зернові культури,WHEAT,Пшениця,2022,120431,"36,57","3293,163795"
Україна,AGRICULTURE_OUTPUT_CURR,Випуск с/г,TYPES_GROUPS_PROD_ACT,Види (групи) продукції (діяльності),Випуск продукції с/г,Випуск с/г продуктів,Випуск рослинництва,Технічні культури,OTH_OIL_CROPS,Інші олійні культури,2014,819,"15,77","51,934052"
Україна,AGRICULTURE_OUTPUT_CURR,Випуск с/г,TYPES_GROUPS_PROD_ACT,Види (групи) продукції (діяльності),Випуск продукції с/г,Випуск с/г продуктів,Випуск рослинництва,Технічні культури,OTH_OIL_CROPS,Інші олійні культури,2015,549,24,"22,875"
Україна,AGRICULTURE_OUTPUT_CURR,Випуск с/г,TYPES_GROUPS_PROD_ACT,Види (групи) продукції (діяльності),Випуск продукції с/г,Випуск с/г продуктів,Випуск рослинництва,Технічні культури,OTH_OIL_CROPS,Інші олійні культури,2016,757,"27,19","27,84111806"
Україна,AGRICULTURE_OUTPUT_CURR,Випуск с/г,TYPES_GROUPS_PROD_ACT,Види (групи) продукції (діяльності),Випуск продукції с/г,Випуск с/г продуктів,Випуск рослинництва,Технічні культури,OTH_OIL_CROPS,Інші олійні культури,2017,545,"28,07","19,41574635"
Україна,AGRICULTURE_OUTPUT_CURR,Випуск с/г,TYPES_GROUPS_PROD_ACT,Види (групи) продукції (діяльності),Випуск продукції с/г,Випуск с/г продуктів,Випуск рослинництва,Технічні культури,OTH_OIL_CROPS,Інші олійні культури,2018,409,"27,69","14,77067533"
Україна,AGRICULTURE_OUTPUT_CURR,Випуск с/г,TYPES_GROUPS_PROD_ACT,Види (групи) продукції (діяльності),Випуск продукції с/г,Випуск с/г продуктів,Випуск рослинництва,Технічні культури,OTH_OIL_CROPS,Інші олійні культури,2019,415,"23,69","17,51794006"
Україна,AGRICULTURE_OUTPUT_CURR,Випуск с/г,TYPES_GROUPS_PROD_ACT,Види (групи) продукції (діяльності),Випуск продукції с/г,Випуск с/г продуктів,Випуск рослинництва,Технічні культури,OTH_OIL_CROPS,Інші олійні культури,2020,301,"28,27","10,64732932"
Україна,AGRICULTURE_OUTPUT_CURR,Випуск с/г,TYPES_GROUPS_PROD_ACT,Види (групи) продукції (діяльності),Випуск продукції с/г,Випуск с/г продуктів,Випуск рослинництва,Технічні культури,OTH_OIL_CROPS,Інші олійні культури,2021,893,"27,28","32,73460411"
Україна,AGRICULTURE_OUTPUT_CURR,Випуск с/г,TYPES_GROUPS_PROD_ACT,Види (групи) продукції (діяльності),Випуск продукції с/г,Випуск с/г продуктів,Випуск рослинництва,Технічні культури,OTH_OIL_CROPS,Інші олійні культури,2022,1240,"36,57","33,90757451"
Україна,AGRICULTURE_OUTPUT_CURR,Випуск с/г,TYPES_GROUPS_PROD_ACT,Види (групи) продукції (діяльності),Випуск продукції с/г,Випуск с/г продуктів,Випуск рослинництва,Інші продукти рослинництва,OTH_CROP_PRODUCTS,Інші продукти рослинництва,2014,1267,"15,77","80,34242232"
Україна,AGRICULTURE_OUTPUT_CURR,Випуск с/г,TYPES_GROUPS_PROD_ACT,Види (групи) продукції (діяльності),Випуск продукції с/г,Випуск с/г продуктів,Випуск рослинництва,Інші продукти рослинництва,OTH_CROP_PRODUCTS,Інші продукти рослинництва,2015,1902,24,"79,25"
Україна,AGRICULTURE_OUTPUT_CURR,Випуск с/г,TYPES_GROUPS_PROD_ACT,Види (групи) продукції (діяльності),Випуск продукції с/г,Випуск с/г продуктів,Випуск рослинництва,Інші продукти рослинництва,OTH_CROP_PRODUCTS,Інші продукти рослинництва,2016,2323,"27,19","85,43582199"
Україна,AGRICULTURE_OUTPUT_CURR,Випуск с/г,TYPES_GROUPS_PROD_ACT,Види (групи) продукції (діяльності),Випуск продукції с/г,Випуск с/г продуктів,Випуск рослинництва,Інші продукти рослинництва,OTH_CROP_PRODUCTS,Інші продукти рослинництва,2017,2608,"28,07","92,91058069"
Україна,AGRICULTURE_OUTPUT_CURR,Випуск с/г,TYPES_GROUPS_PROD_ACT,Види (групи) продукції (діяльності),Випуск продукції с/г,Випуск с/г продуктів,Випуск рослинництва,Інші продукти рослинництва,OTH_CROP_PRODUCTS,Інші продукти рослинництва,2018,2662,"27,69","96,13578909"
Україна,AGRICULTURE_OUTPUT_CURR,Випуск с/г,TYPES_GROUPS_PROD_ACT,Види (групи) продукції (діяльності),Випуск продукції с/г,Випуск с/г продуктів,Випуск рослинництва,Інші продукти рослинництва,OTH_CROP_PRODUCTS,Інші продукти рослинництва,2019,2821,"23,69","119,0797805"
Україна,AGRICULTURE_OUTPUT_CURR,Випуск с/г,TYPES_GROUPS_PROD_ACT,Види (групи) продукції (діяльності),Випуск продукції с/г,Випуск с/г продуктів,Випуск рослинництва,Інші продукти рослинництва,OTH_CROP_PRODUCTS,Інші продукти рослинництва,2020,3518,"28,27","124,4428723"
Україна,AGRICULTURE_OUTPUT_CURR,Випуск с/г,TYPES_GROUPS_PROD_ACT,Види (групи) продукції (діяльності),Випуск продукції с/г,Випуск с/г продуктів,Випуск рослинництва,Інші продукти рослинництва,OTH_CROP_PRODUCTS,Інші продукти рослинництва,2021,4577,"27,28","167,7785924"
Україна,AGRICULTURE_OUTPUT_CURR,Випуск с/г,TYPES_GROUPS_PROD_ACT,Види (групи) продукції (діяльності),Випуск продукції с/г,Випуск с/г продуктів,Випуск рослинництва,Інші продукти рослинництва,OTH_CROP_PRODUCTS,Інші продукти рослинництва,2022,9488,"36,57","259,4476347"
Україна,AGRICULTURE_OUTPUT_CURR,Випуск с/г,TYPES_GROUPS_PROD_ACT,Види (групи) продукції (діяльності),Випуск продукції с/г,Випуск с/г продуктів,Випуск рослинництва,"Плоди, ягоди, виноград",FRUITS_BERRIES_GRAPES,"Плоди, ягоди, виноград",2014,12814,"15,77","812,5554851"
Україна,AGRICULTURE_OUTPUT_CURR,Випуск с/г,TYPES_GROUPS_PROD_ACT,Види (групи) продукції (діяльності),Випуск продукції с/г,Випуск с/г продуктів,Випуск рослинництва,"Плоди, ягоди, виноград",FRUITS_BERRIES_GRAPES,"Плоди, ягоди, виноград",2015,18390,24,"766,25"
Україна,AGRICULTURE_OUTPUT_CURR,Випуск с/г,TYPES_GROUPS_PROD_ACT,Види (групи) продукції (діяльності),Випуск продукції с/г,Випуск с/г продуктів,Випуск рослинництва,"Плоди, ягоди, виноград",FRUITS_BERRIES_GRAPES,"Плоди, ягоди, виноград",2016,18262,"27,19","671,6439868"
Україна,AGRICULTURE_OUTPUT_CURR,Випуск с/г,TYPES_GROUPS_PROD_ACT,Види (групи) продукції (діяльності),Випуск продукції с/г,Випуск с/г продуктів,Випуск рослинництва,"Плоди, ягоди, виноград",FRUITS_BERRIES_GRAPES,"Плоди, ягоди, виноград",2017,23741,"28,07","845,7784111"
Україна,AGRICULTURE_OUTPUT_CURR,Випуск с/г,TYPES_GROUPS_PROD_ACT,Види (групи) продукції (діяльності),Випуск продукції с/г,Випуск с/г продуктів,Випуск рослинництва,"Плоди, ягоди, виноград",FRUITS_BERRIES_GRAPES,"Плоди, ягоди, виноград",2018,23547,"27,69","850,3791983"
Україна,AGRICULTURE_OUTPUT_CURR,Випуск с/г,TYPES_GROUPS_PROD_ACT,Види (групи) продукції (діяльності),Випуск продукції с/г,Випуск с/г продуктів,Випуск рослинництва,"Плоди, ягоди, виноград",FRUITS_BERRIES_GRAPES,"Плоди, ягоди, виноград",2019,24769,"23,69","1045,546644"
Україна,AGRICULTURE_OUTPUT_CURR,Випуск с/г,TYPES_GROUPS_PROD_ACT,Види (групи) продукції (діяльності),Випуск продукції с/г,Випуск с/г продуктів,Випуск рослинництва,"Плоди, ягоди, виноград",FRUITS_BERRIES_GRAPES,"Плоди, ягоди, виноград",2020,26847,"28,27","949,6639547"
Україна,AGRICULTURE_OUTPUT_CURR,Випуск с/г,TYPES_GROUPS_PROD_ACT,Види (групи) продукції (діяльності),Випуск продукції с/г,Випуск с/г продуктів,Випуск рослинництва,"Плоди, ягоди, виноград",FRUITS_BERRIES_GRAPES,"Плоди, ягоди, виноград",2021,28805,"27,28","1055,90176"
Україна,AGRICULTURE_OUTPUT_CURR,Випуск с/г,TYPES_GROUPS_PROD_ACT,Види (групи) продукції (діяльності),Випуск продукції с/г,Випуск с/г продуктів,Випуск рослинництва,"Плоди, ягоди, виноград",FRUITS_BERRIES_GRAPES,"Плоди, ягоди, виноград",2022,24076,"36,57","658,3538419"
Україна,AGRICULTURE_OUTPUT_CURR,Випуск с/г,TYPES_GROUPS_PROD_ACT,Види (групи) продукції (діяльності),Випуск продукції с/г,Випуск с/г продуктів,Випуск рослинництва,Зернові культури,RICE,Рис,2014,210,"15,77","13,31642359"
Україна,AGRICULTURE_OUTPUT_CURR,Випуск с/г,TYPES_GROUPS_PROD_ACT,Види (групи) продукції (діяльності),Випуск продукції с/г,Випуск с/г продуктів,Випуск рослинництва,Зернові культури,RICE,Рис,2015,435,24,"18,125"
Україна,AGRICULTURE_OUTPUT_CURR,Випуск с/г,TYPES_GROUPS_PROD_ACT,Види (групи) продукції (діяльності),Випуск продукції с/г,Випуск с/г продуктів,Випуск рослинництва,Зернові культури,RICE,Рис,2016,384,"27,19","14,12283928"
Україна,AGRICULTURE_OUTPUT_CURR,Випуск с/г,TYPES_GROUPS_PROD_ACT,Види (групи) продукції (діяльності),Випуск продукції с/г,Випуск с/г продуктів,Випуск рослинництва,Зернові культури,RICE,Рис,2017,459,"28,07","16,3519772"
Україна,AGRICULTURE_OUTPUT_CURR,Випуск с/г,TYPES_GROUPS_PROD_ACT,Види (групи) продукції (діяльності),Випуск продукції с/г,Випуск с/г продуктів,Випуск рослинництва,Зернові культури,RICE,Рис,2018,547,"27,69","19,75442398"
Україна,AGRICULTURE_OUTPUT_CURR,Випуск с/г,TYPES_GROUPS_PROD_ACT,Види (групи) продукції (діяльності),Випуск продукції с/г,Випуск с/г продуктів,Випуск рослинництва,Зернові культури,RICE,Рис,2019,431,"23,69","18,19333052"
Україна,AGRICULTURE_OUTPUT_CURR,Випуск с/г,TYPES_GROUPS_PROD_ACT,Види (групи) продукції (діяльності),Випуск продукції с/г,Випуск с/г продуктів,Випуск рослинництва,Зернові культури,RICE,Рис,2020,526,"28,27","18,60629643"
Україна,AGRICULTURE_OUTPUT_CURR,Випуск с/г,TYPES_GROUPS_PROD_ACT,Види (групи) продукції (діяльності),Випуск продукції с/г,Випуск с/г продуктів,Випуск рослинництва,Зернові культури,RICE,Рис,2021,446,"27,28","16,34897361"
Україна,AGRICULTURE_OUTPUT_CURR,Випуск с/г,TYPES_GROUPS_PROD_ACT,Види (групи) продукції (діяльності),Випуск продукції с/г,Випуск с/г продуктів,Випуск рослинництва,Зернові культури,RICE,Рис,2022,41,"36,57","1,121137544"
Україна,AGRICULTURE_OUTPUT_CURR,Випуск с/г,TYPES_GROUPS_PROD_ACT,Види (групи) продукції (діяльності),Випуск продукції с/г,Випуск с/г продуктів,Випуск рослинництва,Зернові культури,OATS,Овес,2014,1051,"15,77","66,64552949"
Україна,AGRICULTURE_OUTPUT_CURR,Випуск с/г,TYPES_GROUPS_PROD_ACT,Види (групи) продукції (діяльності),Випуск продукції с/г,Випуск с/г продуктів,Випуск рослинництва,Зернові культури,OATS,Овес,2015,1102,24,"45,91666667"
Україна,AGRICULTURE_OUTPUT_CURR,Випуск с/г,TYPES_GROUPS_PROD_ACT,Види (групи) продукції (діяльності),Випуск продукції с/г,Випуск с/г продуктів,Випуск рослинництва,Зернові культури,OATS,Овес,2016,1540,"27,19","56,63847003"
Україна,AGRICULTURE_OUTPUT_CURR,Випуск с/г,TYPES_GROUPS_PROD_ACT,Види (групи) продукції (діяльності),Випуск продукції с/г,Випуск с/г продуктів,Випуск рослинництва,Зернові культури,OATS,Овес,2017,1699,"28,07","60,5272533"
Україна,AGRICULTURE_OUTPUT_CURR,Випуск с/г,TYPES_GROUPS_PROD_ACT,Види (групи) продукції (діяльності),Випуск продукції с/г,Випуск с/г продуктів,Випуск рослинництва,Зернові культури,OATS,Овес,2018,1763,"27,69","63,66919466"
Україна,AGRICULTURE_OUTPUT_CURR,Випуск с/г,TYPES_GROUPS_PROD_ACT,Види (групи) продукції (діяльності),Випуск продукції с/г,Випуск с/г продуктів,Випуск рослинництва,Зернові культури,OATS,Овес,2019,1849,"23,69","78,04981005"
Україна,AGRICULTURE_OUTPUT_CURR,Випуск с/г,TYPES_GROUPS_PROD_ACT,Види (групи) продукції (діяльності),Випуск продукції с/г,Випуск с/г продуктів,Випуск рослинництва,Зернові культури,OATS,Овес,2020,2413,"28,27","85,35550053"
Україна,AGRICULTURE_OUTPUT_CURR,Випуск с/г,TYPES_GROUPS_PROD_ACT,Види (групи) продукції (діяльності),Випуск продукції с/г,Випуск с/г продуктів,Випуск рослинництва,Зернові культури,OATS,Овес,2021,2356,"27,28","86,36363636"
Україна,AGRICULTURE_OUTPUT_CURR,Випуск с/г,TYPES_GROUPS_PROD_ACT,Види (групи) продукції (діяльності),Випуск продукції с/г,Випуск с/г продуктів,Випуск рослинництва,Зернові культури,OATS,Овес,2022,2058,"36,57","56,27563577"
Україна,AGRICULTURE_OUTPUT_CURR,Випуск с/г,TYPES_GROUPS_PROD_ACT,Види (групи) продукції (діяльності),Випуск продукції с/г,Випуск с/г продуктів,Випуск рослинництва,Кормові культури,FODDER_CROPS,Кормові культури,2014,5980,"15,77","379,2010146"
Україна,AGRICULTURE_OUTPUT_CURR,Випуск с/г,TYPES_GROUPS_PROD_ACT,Види (групи) продукції (діяльності),Випуск продукції с/г,Випуск с/г продуктів,Випуск рослинництва,Кормові культури,FODDER_CROPS,Кормові культури,2015,7268,24,"302,8333333"
Україна,AGRICULTURE_OUTPUT_CURR,Випуск с/г,TYPES_GROUPS_PROD_ACT,Види (групи) продукції (діяльності),Випуск продукції с/г,Випуск с/г продуктів,Випуск рослинництва,Кормові культури,FODDER_CROPS,Кормові культури,2016,8015,"27,19","294,7774917"
Україна,AGRICULTURE_OUTPUT_CURR,Випуск с/г,TYPES_GROUPS_PROD_ACT,Види (групи) продукції (діяльності),Випуск продукції с/г,Випуск с/г продуктів,Випуск рослинництва,Кормові культури,FODDER_CROPS,Кормові культури,2017,8562,"28,07","305,0231564"
Україна,AGRICULTURE_OUTPUT_CURR,Випуск с/г,TYPES_GROUPS_PROD_ACT,Види (групи) продукції (діяльності),Випуск продукції с/г,Випуск с/г продуктів,Випуск рослинництва,Кормові культури,FODDER_CROPS,Кормові культури,2018,9735,"27,69","351,5709642"
Україна,AGRICULTURE_OUTPUT_CURR,Випуск с/г,TYPES_GROUPS_PROD_ACT,Види (групи) продукції (діяльності),Випуск продукції с/г,Випуск с/г продуктів,Випуск рослинництва,Кормові культури,FODDER_CROPS,Кормові культури,2019,9087,"23,69","383,5795694"
Україна,AGRICULTURE_OUTPUT_CURR,Випуск с/г,TYPES_GROUPS_PROD_ACT,Види (групи) продукції (діяльності),Випуск продукції с/г,Випуск с/г продуктів,Випуск рослинництва,Кормові культури,FODDER_CROPS,Кормові культури,2020,10351,"28,27","366,1478599"
Україна,AGRICULTURE_OUTPUT_CURR,Випуск с/г,TYPES_GROUPS_PROD_ACT,Види (групи) продукції (діяльності),Випуск продукції с/г,Випуск с/г продуктів,Випуск рослинництва,Кормові культури,FODDER_CROPS,Кормові культури,2021,13884,"27,28","508,9442815"
Україна,AGRICULTURE_OUTPUT_CURR,Випуск с/г,TYPES_GROUPS_PROD_ACT,Види (групи) продукції (діяльності),Випуск продукції с/г,Випуск с/г продуктів,Випуск рослинництва,Кормові культури,FODDER_CROPS,Кормові культури,2022,11746,"36,57","321,1922341"
Україна,AGRICULTURE_OUTPUT_CURR,Випуск с/г,TYPES_GROUPS_PROD_ACT,Види (групи) продукції (діяльності),Випуск продукції с/г,Випуск с/г продуктів,Випуск рослинництва,Технічні культури,SUGAR_BEET,Цукровий буряк,2014,7768,"15,77","492,5808497"
Україна,AGRICULTURE_OUTPUT_CURR,Випуск с/г,TYPES_GROUPS_PROD_ACT,Види (групи) продукції (діяльності),Випуск продукції с/г,Випуск с/г продуктів,Випуск рослинництва,Технічні культури,SUGAR_BEET,Цукровий буряк,2015,8150,24,"339,5833333"
Україна,AGRICULTURE_OUTPUT_CURR,Випуск с/г,TYPES_GROUPS_PROD_ACT,Види (групи) продукції (діяльності),Випуск продукції с/г,Випуск с/г продуктів,Випуск рослинництва,Технічні культури,SUGAR_BEET,Цукровий буряк,2016,11894,"27,19","437,4402354"
Україна,AGRICULTURE_OUTPUT_CURR,Випуск с/г,TYPES_GROUPS_PROD_ACT,Види (групи) продукції (діяльності),Випуск продукції с/г,Випуск с/г продуктів,Випуск рослинництва,Технічні культури,SUGAR_BEET,Цукровий буряк,2017,12292,"28,07","437,9052369"
Україна,AGRICULTURE_OUTPUT_CURR,Випуск с/г,TYPES_GROUPS_PROD_ACT,Види (групи) продукції (діяльності),Випуск продукції с/г,Випуск с/г продуктів,Випуск рослинництва,Технічні культури,SUGAR_BEET,Цукровий буряк,2018,10464,"27,69","377,8981582"
Україна,AGRICULTURE_OUTPUT_CURR,Випуск с/г,TYPES_GROUPS_PROD_ACT,Види (групи) продукції (діяльності),Випуск продукції с/г,Випуск с/г продуктів,Випуск рослинництва,Технічні культури,SUGAR_BEET,Цукровий буряк,2019,7691,"23,69","324,6517518"
Україна,AGRICULTURE_OUTPUT_CURR,Випуск с/г,TYPES_GROUPS_PROD_ACT,Види (групи) продукції (діяльності),Випуск продукції с/г,Випуск с/г продуктів,Випуск рослинництва,Технічні культури,SUGAR_BEET,Цукровий буряк,2020,7972,"28,27","281,9950478"
Україна,AGRICULTURE_OUTPUT_CURR,Випуск с/г,TYPES_GROUPS_PROD_ACT,Види (групи) продукції (діяльності),Випуск продукції с/г,Випуск с/г продуктів,Випуск рослинництва,Технічні культури,SUGAR_BEET,Цукровий буряк,2021,12633,"27,28","463,0865103"
Україна,AGRICULTURE_OUTPUT_CURR,Випуск с/г,TYPES_GROUPS_PROD_ACT,Види (групи) продукції (діяльності),Випуск продукції с/г,Випуск с/г продуктів,Випуск рослинництва,Технічні культури,SUGAR_BEET,Цукровий буряк,2022,15425,"36,57","421,7938201"
Україна,AGRICULTURE_OUTPUT_CURR,Випуск с/г,TYPES_GROUPS_PROD_ACT,Види (групи) продукції (діяльності),Випуск продукції с/г,Випуск с/г продуктів,Випуск тваринництва,Вирощування с/г тварин,POULTRY,Птиця,2014,19689,"15,77","1248,509829"
Україна,AGRICULTURE_OUTPUT_CURR,Випуск с/г,TYPES_GROUPS_PROD_ACT,Види (групи) продукції (діяльності),Випуск продукції с/г,Випуск с/г продуктів,Випуск тваринництва,Вирощування с/г тварин,POULTRY,Птиця,2015,28983,24,"1207,625"
Україна,AGRICULTURE_OUTPUT_CURR,Випуск с/г,TYPES_GROUPS_PROD_ACT,Види (групи) продукції (діяльності),Випуск продукції с/г,Випуск с/г продуктів,Випуск тваринництва,Вирощування с/г тварин,POULTRY,Птиця,2016,30881,"27,19","1135,748437"
Україна,AGRICULTURE_OUTPUT_CURR,Випуск с/г,TYPES_GROUPS_PROD_ACT,Види (групи) продукції (діяльності),Випуск продукції с/г,Випуск с/г продуктів,Випуск тваринництва,Вирощування с/г тварин,POULTRY,Птиця,2017,38481,"28,07","1370,894193"
Україна,AGRICULTURE_OUTPUT_CURR,Випуск с/г,TYPES_GROUPS_PROD_ACT,Види (групи) продукції (діяльності),Випуск продукції с/г,Випуск с/г продуктів,Випуск тваринництва,Вирощування с/г тварин,POULTRY,Птиця,2018,48239,"27,69","1742,109065"
Україна,AGRICULTURE_OUTPUT_CURR,Випуск с/г,TYPES_GROUPS_PROD_ACT,Види (групи) продукції (діяльності),Випуск продукції с/г,Випуск с/г продуктів,Випуск тваринництва,Вирощування с/г тварин,POULTRY,Птиця,2019,52694,"23,69","2224,314057"
Україна,AGRICULTURE_OUTPUT_CURR,Випуск с/г,TYPES_GROUPS_PROD_ACT,Види (групи) продукції (діяльності),Випуск продукції с/г,Випуск с/г продуктів,Випуск тваринництва,Вирощування с/г тварин,POULTRY,Птиця,2020,51314,"28,27","1815,139724"
Україна,AGRICULTURE_OUTPUT_CURR,Випуск с/г,TYPES_GROUPS_PROD_ACT,Види (групи) продукції (діяльності),Випуск продукції с/г,Випуск с/г продуктів,Випуск тваринництва,Вирощування с/г тварин,POULTRY,Птиця,2021,66127,"27,28","2424,010264"
Україна,AGRICULTURE_OUTPUT_CURR,Випуск с/г,TYPES_GROUPS_PROD_ACT,Види (групи) продукції (діяльності),Випуск продукції с/г,Випуск с/г продуктів,Випуск тваринництва,Вирощування с/г тварин,POULTRY,Птиця,2022,73486,"36,57","2009,461307"
Україна,AGRICULTURE_OUTPUT_CURR,Випуск с/г,TYPES_GROUPS_PROD_ACT,Види (групи) продукції (діяльності),Випуск не с/г невід’ємної вторинної діяльністі,,,,NONAGRIC_OUTPUT,,2014,2737,"15,77","173,5573874"
Україна,AGRICULTURE_OUTPUT_CURR,Випуск с/г,TYPES_GROUPS_PROD_ACT,Види (групи) продукції (діяльності),Випуск не с/г невід’ємної вторинної діяльністі,,,,NONAGRIC_OUTPUT,,2015,3693,24,"153,875"
Україна,AGRICULTURE_OUTPUT_CURR,Випуск с/г,TYPES_GROUPS_PROD_ACT,Види (групи) продукції (діяльності),Випуск не с/г невід’ємної вторинної діяльністі,,,,NONAGRIC_OUTPUT,,2016,3751,"27,19","137,9551306"
Україна,AGRICULTURE_OUTPUT_CURR,Випуск с/г,TYPES_GROUPS_PROD_ACT,Види (групи) продукції (діяльності),Випуск не с/г невід’ємної вторинної діяльністі,,,,NONAGRIC_OUTPUT,,2017,3899,"28,07","138,9027431"
Україна,AGRICULTURE_OUTPUT_CURR,Випуск с/г,TYPES_GROUPS_PROD_ACT,Види (групи) продукції (діяльності),Випуск не с/г невід’ємної вторинної діяльністі,,,,NONAGRIC_OUTPUT,,2018,4662,"27,69","168,3640303"
Україна,AGRICULTURE_OUTPUT_CURR,Випуск с/г,TYPES_GROUPS_PROD_ACT,Види (групи) продукції (діяльності),Випуск не с/г невід’ємної вторинної діяльністі,,,,NONAGRIC_OUTPUT,,2019,4729,"23,69","199,6200929"
Україна,AGRICULTURE_OUTPUT_CURR,Випуск с/г,TYPES_GROUPS_PROD_ACT,Види (групи) продукції (діяльності),Випуск не с/г невід’ємної вторинної діяльністі,,,,NONAGRIC_OUTPUT,,2020,5030,"28,27","177,9271312"
Україна,AGRICULTURE_OUTPUT_CURR,Випуск с/г,TYPES_GROUPS_PROD_ACT,Види (групи) продукції (діяльності),Випуск не с/г невід’ємної вторинної діяльністі,,,,NONAGRIC_OUTPUT,,2021,7087,"27,28","259,78739"
Україна,AGRICULTURE_OUTPUT_CURR,Випуск с/г,TYPES_GROUPS_PROD_ACT,Види (групи) продукції (діяльності),Випуск не с/г невід’ємної вторинної діяльністі,,,,NONAGRIC_OUTPUT,,2022,4356,"36,57","119,1140279"
Україна,AGRICULTURE_OUTPUT_CURR,Випуск с/г,TYPES_GROUPS_PROD_ACT,Види (групи) продукції (діяльності),Випуск продукції с/г,Випуск с/г продуктів,Випуск рослинництва,Технічні культури,RAW_TOBACCO,Тютюн,2014,5,"15,77","0,3170577045"
Україна,AGRICULTURE_OUTPUT_CURR,Випуск с/г,TYPES_GROUPS_PROD_ACT,Види (групи) продукції (діяльності),Випуск продукції с/г,Випуск с/г продуктів,Випуск рослинництва,Технічні культури,RAW_TOBACCO,Тютюн,2015,36,24,"1,5"
Україна,AGRICULTURE_OUTPUT_CURR,Випуск с/г,TYPES_GROUPS_PROD_ACT,Види (групи) продукції (діяльності),Випуск продукції с/г,Випуск с/г продуктів,Випуск рослинництва,Технічні культури,RAW_TOBACCO,Тютюн,2016,156,"27,19","5,737403457"
Україна,AGRICULTURE_OUTPUT_CURR,Випуск с/г,TYPES_GROUPS_PROD_ACT,Види (групи) продукції (діяльності),Випуск продукції с/г,Випуск с/г продуктів,Випуск рослинництва,Технічні культури,RAW_TOBACCO,Тютюн,2017,261,"28,07","9,298183114"
Україна,AGRICULTURE_OUTPUT_CURR,Випуск с/г,TYPES_GROUPS_PROD_ACT,Види (групи) продукції (діяльності),Випуск продукції с/г,Випуск с/г продуктів,Випуск рослинництва,Технічні культури,RAW_TOBACCO,Тютюн,2018,257,"27,69","9,281329"
Україна,AGRICULTURE_OUTPUT_CURR,Випуск с/г,TYPES_GROUPS_PROD_ACT,Види (групи) продукції (діяльності),Випуск продукції с/г,Випуск с/г продуктів,Випуск рослинництва,Технічні культури,RAW_TOBACCO,Тютюн,2019,411,"23,69","17,34909244"
Україна,AGRICULTURE_OUTPUT_CURR,Випуск с/г,TYPES_GROUPS_PROD_ACT,Види (групи) продукції (діяльності),Випуск продукції с/г,Випуск с/г продуктів,Випуск рослинництва,Технічні культури,RAW_TOBACCO,Тютюн,2020,578,"28,27","20,44570216"
Україна,AGRICULTURE_OUTPUT_CURR,Випуск с/г,TYPES_GROUPS_PROD_ACT,Види (групи) продукції (діяльності),Випуск продукції с/г,Випуск с/г продуктів,Випуск рослинництва,Технічні культури,RAW_TOBACCO,Тютюн,2021,1033,"27,28","37,86656891"
Україна,AGRICULTURE_OUTPUT_CURR,Випуск с/г,TYPES_GROUPS_PROD_ACT,Види (групи) продукції (діяльності),Випуск продукції с/г,Випуск с/г продуктів,Випуск рослинництва,Технічні культури,RAW_TOBACCO,Тютюн,2022,1092,"36,57","29,86054143"
Україна,AGRICULTURE_OUTPUT_CURR,Випуск с/г,TYPES_GROUPS_PROD_ACT,Види (групи) продукції (діяльності),Випуск продукції с/г,Випуск с/г продуктів,Випуск рослинництва,Картопля,POTATOES,Картопля,2014,41615,"15,77","2638,871275"
Україна,AGRICULTURE_OUTPUT_CURR,Випуск с/г,TYPES_GROUPS_PROD_ACT,Види (групи) продукції (діяльності),Випуск продукції с/г,Випуск с/г продуктів,Випуск рослинництва,Картопля,POTATOES,Картопля,2015,41095,24,"1712,291667"
Україна,AGRICULTURE_OUTPUT_CURR,Випуск с/г,TYPES_GROUPS_PROD_ACT,Види (групи) продукції (діяльності),Випуск продукції с/г,Випуск с/г продуктів,Випуск рослинництва,Картопля,POTATOES,Картопля,2016,41862,"27,19","1539,610151"
Україна,AGRICULTURE_OUTPUT_CURR,Випуск с/г,TYPES_GROUPS_PROD_ACT,Види (групи) продукції (діяльності),Випуск продукції с/г,Випуск с/г продуктів,Випуск рослинництва,Картопля,POTATOES,Картопля,2017,53515,"28,07","1906,483791"
Україна,AGRICULTURE_OUTPUT_CURR,Випуск с/г,TYPES_GROUPS_PROD_ACT,Види (групи) продукції (діяльності),Випуск продукції с/г,Випуск с/г продуктів,Випуск рослинництва,Картопля,POTATOES,Картопля,2018,53252,"27,69","1923,149151"
Україна,AGRICULTURE_OUTPUT_CURR,Випуск с/г,TYPES_GROUPS_PROD_ACT,Види (групи) продукції (діяльності),Випуск продукції с/г,Випуск с/г продуктів,Випуск рослинництва,Картопля,POTATOES,Картопля,2019,63698,"23,69","2688,813846"
Україна,AGRICULTURE_OUTPUT_CURR,Випуск с/г,TYPES_GROUPS_PROD_ACT,Види (групи) продукції (діяльності),Випуск продукції с/г,Випуск с/г продуктів,Випуск рослинництва,Картопля,POTATOES,Картопля,2020,60902,"28,27","2154,297842"
Україна,AGRICULTURE_OUTPUT_CURR,Випуск с/г,TYPES_GROUPS_PROD_ACT,Види (групи) продукції (діяльності),Випуск продукції с/г,Випуск с/г продуктів,Випуск рослинництва,Картопля,POTATOES,Картопля,2021,61168,"27,28","2242,228739"
Україна,AGRICULTURE_OUTPUT_CURR,Випуск с/г,TYPES_GROUPS_PROD_ACT,Види (групи) продукції (діяльності),Випуск продукції с/г,Випуск с/г продуктів,Випуск рослинництва,Картопля,POTATOES,Картопля,2022,54172,"36,57","1481,323489"
Україна,AGRICULTURE_OUTPUT_CURR,Випуск с/г,TYPES_GROUPS_PROD_ACT,Види (групи) продукції (діяльності),Випуск продукції с/г,Випуск с/г продуктів,Випуск рослинництва,Зернові культури,RYE,Жито,2014,615,"15,77","38,99809765"
Україна,AGRICULTURE_OUTPUT_CURR,Випуск с/г,TYPES_GROUPS_PROD_ACT,Види (групи) продукції (діяльності),Випуск продукції с/г,Випуск с/г продуктів,Випуск рослинництва,Зернові культури,RYE,Жито,2015,870,24,"36,25"
Україна,AGRICULTURE_OUTPUT_CURR,Випуск с/г,TYPES_GROUPS_PROD_ACT,Види (групи) продукції (діяльності),Випуск продукції с/г,Випуск с/г продуктів,Випуск рослинництва,Зернові культури,RYE,Жито,2016,1157,"27,19","42,55240897"
Україна,AGRICULTURE_OUTPUT_CURR,Випуск с/г,TYPES_GROUPS_PROD_ACT,Види (групи) продукції (діяльності),Випуск продукції с/г,Випуск с/г продуктів,Випуск рослинництва,Зернові культури,RYE,Жито,2017,1580,"28,07","56,2878518"
Україна,AGRICULTURE_OUTPUT_CURR,Випуск с/г,TYPES_GROUPS_PROD_ACT,Види (групи) продукції (діяльності),Випуск продукції с/г,Випуск с/г продуктів,Випуск рослинництва,Зернові культури,RYE,Жито,2018,1285,"27,69","46,406645"
Україна,AGRICULTURE_OUTPUT_CURR,Випуск с/г,TYPES_GROUPS_PROD_ACT,Види (групи) продукції (діяльності),Випуск продукції с/г,Випуск с/г продуктів,Випуск рослинництва,Зернові культури,RYE,Жито,2019,1453,"23,69","61,33389616"
Україна,AGRICULTURE_OUTPUT_CURR,Випуск с/г,TYPES_GROUPS_PROD_ACT,Види (групи) продукції (діяльності),Випуск продукції с/г,Випуск с/г продуктів,Випуск рослинництва,Зернові культури,RYE,Жито,2020,2121,"28,27","75,02652989"
Україна,AGRICULTURE_OUTPUT_CURR,Випуск с/г,TYPES_GROUPS_PROD_ACT,Види (групи) продукції (діяльності),Випуск продукції с/г,Випуск с/г продуктів,Випуск рослинництва,Зернові культури,RYE,Жито,2021,2680,"27,28","98,24046921"
Україна,AGRICULTURE_OUTPUT_CURR,Випуск с/г,TYPES_GROUPS_PROD_ACT,Види (групи) продукції (діяльності),Випуск продукції с/г,Випуск с/г продуктів,Випуск рослинництва,Зернові культури,RYE,Жито,2022,1461,"36,57","39,95077933"
Україна,AGRICULTURE_OUTPUT_CURR,Випуск с/г,TYPES_GROUPS_PROD_ACT,Види (групи) продукції (діяльності),Випуск продукції с/г,Випуск с/г продуктів,Випуск рослинництва,Овочеві культури,VEGETABLES_CROPS,Овочеві культури,2014,22147,"15,77","1404,375396"
Україна,AGRICULTURE_OUTPUT_CURR,Випуск с/г,TYPES_GROUPS_PROD_ACT,Види (групи) продукції (діяльності),Випуск продукції с/г,Випуск с/г продуктів,Випуск рослинництва,Овочеві культури,VEGETABLES_CROPS,Овочеві культури,2015,33917,24,"1413,208333"
Україна,AGRICULTURE_OUTPUT_CURR,Випуск с/г,TYPES_GROUPS_PROD_ACT,Види (групи) продукції (діяльності),Випуск продукції с/г,Випуск с/г продуктів,Випуск рослинництва,Овочеві культури,VEGETABLES_CROPS,Овочеві культури,2016,31883,"27,19","1172,600221"
Україна,AGRICULTURE_OUTPUT_CURR,Випуск с/г,TYPES_GROUPS_PROD_ACT,Види (групи) продукції (діяльності),Випуск продукції с/г,Випуск с/г продуктів,Випуск рослинництва,Овочеві культури,VEGETABLES_CROPS,Овочеві культури,2017,33446,"28,07","1191,521197"
Україна,AGRICULTURE_OUTPUT_CURR,Випуск с/г,TYPES_GROUPS_PROD_ACT,Види (групи) продукції (діяльності),Випуск продукції с/г,Випуск с/г продуктів,Випуск рослинництва,Овочеві культури,VEGETABLES_CROPS,Овочеві культури,2018,35700,"27,69","1289,274106"
Україна,AGRICULTURE_OUTPUT_CURR,Випуск с/г,TYPES_GROUPS_PROD_ACT,Види (групи) продукції (діяльності),Випуск продукції с/г,Випуск с/г продуктів,Випуск рослинництва,Овочеві культури,VEGETABLES_CROPS,Овочеві культури,2019,45428,"23,69","1917,602364"
Україна,AGRICULTURE_OUTPUT_CURR,Випуск с/г,TYPES_GROUPS_PROD_ACT,Види (групи) продукції (діяльності),Випуск продукції с/г,Випуск с/г продуктів,Випуск рослинництва,Овочеві культури,VEGETABLES_CROPS,Овочеві культури,2020,49203,"28,27","1740,466926"
Україна,AGRICULTURE_OUTPUT_CURR,Випуск с/г,TYPES_GROUPS_PROD_ACT,Види (групи) продукції (діяльності),Випуск продукції с/г,Випуск с/г продуктів,Випуск рослинництва,Овочеві культури,VEGETABLES_CROPS,Овочеві культури,2021,59708,"27,28","2188,709677"
Україна,AGRICULTURE_OUTPUT_CURR,Випуск с/г,TYPES_GROUPS_PROD_ACT,Види (групи) продукції (діяльності),Випуск продукції с/г,Випуск с/г продуктів,Випуск рослинництва,Овочеві культури,VEGETABLES_CROPS,Овочеві культури,2022,83197,"36,57","2275,006836"
Україна,AGRICULTURE_OUTPUT_CURR,Випуск с/г,TYPES_GROUPS_PROD_ACT,Види (групи) продукції (діяльності),Випуск продукції с/г,Випуск с/г продуктів,Випуск рослинництва,Зернові культури,MAIZE_GRAIN,Кукурудза на зерно,2014,43925,"15,77","2785,351934"
Україна,AGRICULTURE_OUTPUT_CURR,Випуск с/г,TYPES_GROUPS_PROD_ACT,Види (групи) продукції (діяльності),Випуск продукції с/г,Випуск с/г продуктів,Випуск рослинництва,Зернові культури,MAIZE_GRAIN,Кукурудза на зерно,2015,62859,24,"2619,125"
Україна,AGRICULTURE_OUTPUT_CURR,Випуск с/г,TYPES_GROUPS_PROD_ACT,Види (групи) продукції (діяльності),Випуск продукції с/г,Випуск с/г продуктів,Випуск рослинництва,Зернові культури,MAIZE_GRAIN,Кукурудза на зерно,2016,89267,"27,19","3283,082015"
Україна,AGRICULTURE_OUTPUT_CURR,Випуск с/г,TYPES_GROUPS_PROD_ACT,Види (групи) продукції (діяльності),Випуск продукції с/г,Випуск с/г продуктів,Випуск рослинництва,Зернові культури,MAIZE_GRAIN,Кукурудза на зерно,2017,81497,"28,07","2903,348771"
Україна,AGRICULTURE_OUTPUT_CURR,Випуск с/г,TYPES_GROUPS_PROD_ACT,Види (групи) продукції (діяльності),Випуск продукції с/г,Випуск с/г продуктів,Випуск рослинництва,Зернові культури,MAIZE_GRAIN,Кукурудза на зерно,2018,137198,"27,69","4954,785121"
Україна,AGRICULTURE_OUTPUT_CURR,Випуск с/г,TYPES_GROUPS_PROD_ACT,Види (групи) продукції (діяльності),Випуск продукції с/г,Випуск с/г продуктів,Випуск рослинництва,Зернові культури,MAIZE_GRAIN,Кукурудза на зерно,2019,126363,"23,69","5334,022794"
Україна,AGRICULTURE_OUTPUT_CURR,Випуск с/г,TYPES_GROUPS_PROD_ACT,Види (групи) продукції (діяльності),Випуск продукції с/г,Випуск с/г продуктів,Випуск рослинництва,Зернові культури,MAIZE_GRAIN,Кукурудза на зерно,2020,138360,"28,27","4894,23417"
Україна,AGRICULTURE_OUTPUT_CURR,Випуск с/г,TYPES_GROUPS_PROD_ACT,Види (групи) продукції (діяльності),Випуск продукції с/г,Випуск с/г продуктів,Випуск рослинництва,Зернові культури,MAIZE_GRAIN,Кукурудза на зерно,2021,258518,"27,28","9476,466276"
Україна,AGRICULTURE_OUTPUT_CURR,Випуск с/г,TYPES_GROUPS_PROD_ACT,Види (групи) продукції (діяльності),Випуск продукції с/г,Випуск с/г продуктів,Випуск рослинництва,Зернові культури,MAIZE_GRAIN,Кукурудза на зерно,2022,171214,"36,57","4681,815696"
Україна,AGRICULTURE_OUTPUT_CURR,Випуск с/г,TYPES_GROUPS_PROD_ACT,Види (групи) продукції (діяльності),Випуск продукції с/г,Випуск с/г продуктів,Випуск рослинництва,Зернові культури,BARLEY,Ячмінь,2014,15447,"15,77","979,5180723"
Україна,AGRICULTURE_OUTPUT_CURR,Випуск с/г,TYPES_GROUPS_PROD_ACT,Види (групи) продукції (діяльності),Випуск продукції с/г,Випуск с/г продуктів,Випуск рослинництва,Зернові культури,BARLEY,Ячмінь,2015,22053,24,"918,875"
Україна,AGRICULTURE_OUTPUT_CURR,Випуск с/г,TYPES_GROUPS_PROD_ACT,Види (групи) продукції (діяльності),Випуск продукції с/г,Випуск с/г продуктів,Випуск рослинництва,Зернові культури,BARLEY,Ячмінь,2016,27993,"27,19","1029,532917"
Україна,AGRICULTURE_OUTPUT_CURR,Випуск с/г,TYPES_GROUPS_PROD_ACT,Види (групи) продукції (діяльності),Випуск продукції с/г,Випуск с/г продуктів,Випуск рослинництва,Зернові культури,BARLEY,Ячмінь,2017,29716,"28,07","1058,639116"
Україна,AGRICULTURE_OUTPUT_CURR,Випуск с/г,TYPES_GROUPS_PROD_ACT,Види (групи) продукції (діяльності),Випуск продукції с/г,Випуск с/г продуктів,Випуск рослинництва,Зернові культури,BARLEY,Ячмінь,2018,32923,"27,69","1188,985193"
Україна,AGRICULTURE_OUTPUT_CURR,Випуск с/г,TYPES_GROUPS_PROD_ACT,Види (групи) продукції (діяльності),Випуск продукції с/г,Випуск с/г продуктів,Випуск рослинництва,Зернові культури,BARLEY,Ячмінь,2019,33954,"23,69","1433,26298"
Україна,AGRICULTURE_OUTPUT_CURR,Випуск с/г,TYPES_GROUPS_PROD_ACT,Види (групи) продукції (діяльності),Випуск продукції с/г,Випуск с/г продуктів,Випуск рослинництва,Зернові культури,BARLEY,Ячмінь,2020,32190,"28,27","1138,662894"
Україна,AGRICULTURE_OUTPUT_CURR,Випуск с/г,TYPES_GROUPS_PROD_ACT,Види (групи) продукції (діяльності),Випуск продукції с/г,Випуск с/г продуктів,Випуск рослинництва,Зернові культури,BARLEY,Ячмінь,2021,53703,"27,28","1968,585044"
Україна,AGRICULTURE_OUTPUT_CURR,Випуск с/г,TYPES_GROUPS_PROD_ACT,Види (групи) продукції (діяльності),Випуск продукції с/г,Випуск с/г продуктів,Випуск рослинництва,Зернові культури,BARLEY,Ячмінь,2022,29042,"36,57","794,1482089"
Україна,AGRICULTURE_OUTPUT_CURR,Випуск с/г,TYPES_GROUPS_PROD_ACT,Види (групи) продукції (діяльності),Випуск продукції с/г,Випуск с/г послуг,,,AGRIC_SERVICES_OUTPUT,,2014,7359,"15,77","466,6455295"
Україна,AGRICULTURE_OUTPUT_CURR,Випуск с/г,TYPES_GROUPS_PROD_ACT,Види (групи) продукції (діяльності),Випуск продукції с/г,Випуск с/г послуг,,,AGRIC_SERVICES_OUTPUT,,2015,8256,24,344
Україна,AGRICULTURE_OUTPUT_CURR,Випуск с/г,TYPES_GROUPS_PROD_ACT,Види (групи) продукції (діяльності),Випуск продукції с/г,Випуск с/г послуг,,,AGRIC_SERVICES_OUTPUT,,2016,8455,"27,19","310,9599117"
Україна,AGRICULTURE_OUTPUT_CURR,Випуск с/г,TYPES_GROUPS_PROD_ACT,Види (групи) продукції (діяльності),Випуск продукції с/г,Випуск с/г послуг,,,AGRIC_SERVICES_OUTPUT,,2017,8998,"28,07","320,5557535"
Україна,AGRICULTURE_OUTPUT_CURR,Випуск с/г,TYPES_GROUPS_PROD_ACT,Види (групи) продукції (діяльності),Випуск продукції с/г,Випуск с/г послуг,,,AGRIC_SERVICES_OUTPUT,,2018,12764,"27,69","460,9606356"
Україна,AGRICULTURE_OUTPUT_CURR,Випуск с/г,TYPES_GROUPS_PROD_ACT,Види (групи) продукції (діяльності),Випуск продукції с/г,Випуск с/г послуг,,,AGRIC_SERVICES_OUTPUT,,2019,13097,"23,69","552,8493035"
Україна,AGRICULTURE_OUTPUT_CURR,Випуск с/г,TYPES_GROUPS_PROD_ACT,Види (групи) продукції (діяльності),Випуск продукції с/г,Випуск с/г послуг,,,AGRIC_SERVICES_OUTPUT,,2020,13457,"28,27","476,0169791"
Україна,AGRICULTURE_OUTPUT_CURR,Випуск с/г,TYPES_GROUPS_PROD_ACT,Види (групи) продукції (діяльності),Випуск продукції с/г,Випуск с/г послуг,,,AGRIC_SERVICES_OUTPUT,,2021,21615,"27,28","792,3387097"
Україна,AGRICULTURE_OUTPUT_CURR,Випуск с/г,TYPES_GROUPS_PROD_ACT,Види (групи) продукції (діяльності),Випуск продукції с/г,Випуск с/г послуг,,,AGRIC_SERVICES_OUTPUT,,2022,14905,"36,57","407,5745146"
Україна,AGRICULTURE_OUTPUT_CURR,Випуск с/г,TYPES_GROUPS_PROD_ACT,Види (групи) продукції (діяльності),Випуск продукції с/г,Випуск с/г продуктів,Випуск тваринництва,Вирощування с/г тварин,HORSES,Коні,2014,179,"15,77","11,35066582"
Україна,AGRICULTURE_OUTPUT_CURR,Випуск с/г,TYPES_GROUPS_PROD_ACT,Види (групи) продукції (діяльності),Випуск продукції с/г,Випуск с/г продуктів,Випуск тваринництва,Вирощування с/г тварин,HORSES,Коні,2015,202,24,"8,416666667"
Україна,AGRICULTURE_OUTPUT_CURR,Випуск с/г,TYPES_GROUPS_PROD_ACT,Види (групи) продукції (діяльності),Випуск продукції с/г,Випуск с/г продуктів,Випуск тваринництва,Вирощування с/г тварин,HORSES,Коні,2016,212,"27,19","7,796984185"
Україна,AGRICULTURE_OUTPUT_CURR,Випуск с/г,TYPES_GROUPS_PROD_ACT,Види (групи) продукції (діяльності),Випуск продукції с/г,Випуск с/г продуктів,Випуск тваринництва,Вирощування с/г тварин,HORSES,Коні,2017,220,"28,07","7,837548985"
Україна,AGRICULTURE_OUTPUT_CURR,Випуск с/г,TYPES_GROUPS_PROD_ACT,Види (групи) продукції (діяльності),Випуск продукції с/г,Випуск с/г продуктів,Випуск тваринництва,Вирощування с/г тварин,HORSES,Коні,2018,339,"27,69","12,24268689"
Україна,AGRICULTURE_OUTPUT_CURR,Випуск с/г,TYPES_GROUPS_PROD_ACT,Види (групи) продукції (діяльності),Випуск продукції с/г,Випуск с/г продуктів,Випуск тваринництва,Вирощування с/г тварин,HORSES,Коні,2019,327,"23,69","13,80329253"
Україна,AGRICULTURE_OUTPUT_CURR,Випуск с/г,TYPES_GROUPS_PROD_ACT,Види (групи) продукції (діяльності),Випуск продукції с/г,Випуск с/г продуктів,Випуск тваринництва,Вирощування с/г тварин,HORSES,Коні,2020,613,"28,27","21,68376371"
Україна,AGRICULTURE_OUTPUT_CURR,Випуск с/г,TYPES_GROUPS_PROD_ACT,Види (групи) продукції (діяльності),Випуск продукції с/г,Випуск с/г продуктів,Випуск тваринництва,Вирощування с/г тварин,HORSES,Коні,2021,982,"27,28","35,99706745"
Україна,AGRICULTURE_OUTPUT_CURR,Випуск с/г,TYPES_GROUPS_PROD_ACT,Види (групи) продукції (діяльності),Випуск продукції с/г,Випуск с/г продуктів,Випуск тваринництва,Вирощування с/г тварин,HORSES,Коні,2022,1382,"36,57","37,79053869"
Україна,AGRICULTURE_OUTPUT_CURR,Випуск с/г,TYPES_GROUPS_PROD_ACT,Види (групи) продукції (діяльності),Випуск продукції с/г,Випуск с/г продуктів,Випуск рослинництва,Технічні культури,OTH_INDUS_CROPS,Інші технічні культури,2014,272,"15,77","17,24793912"
Україна,AGRICULTURE_OUTPUT_CURR,Випуск с/г,TYPES_GROUPS_PROD_ACT,Види (групи) продукції (діяльності),Випуск продукції с/г,Випуск с/г продуктів,Випуск рослинництва,Технічні культури,OTH_INDUS_CROPS,Інші технічні культури,2015,342,24,"14,25"
Україна,AGRICULTURE_OUTPUT_CURR,Випуск с/г,TYPES_GROUPS_PROD_ACT,Види (групи) продукції (діяльності),Випуск продукції с/г,Випуск с/г продуктів,Випуск рослинництва,Технічні культури,OTH_INDUS_CROPS,Інші технічні культури,2016,376,"27,19","13,82861346"
Україна,AGRICULTURE_OUTPUT_CURR,Випуск с/г,TYPES_GROUPS_PROD_ACT,Види (групи) продукції (діяльності),Випуск продукції с/г,Випуск с/г продуктів,Випуск рослинництва,Технічні культури,OTH_INDUS_CROPS,Інші технічні культури,2017,646,"28,07","23,01389384"
Україна,AGRICULTURE_OUTPUT_CURR,Випуск с/г,TYPES_GROUPS_PROD_ACT,Види (групи) продукції (діяльності),Випуск продукції с/г,Випуск с/г продуктів,Випуск рослинництва,Технічні культури,OTH_INDUS_CROPS,Інші технічні культури,2018,725,"27,69","26,18273745"
Україна,AGRICULTURE_OUTPUT_CURR,Випуск с/г,TYPES_GROUPS_PROD_ACT,Види (групи) продукції (діяльності),Випуск продукції с/г,Випуск с/г продуктів,Випуск рослинництва,Технічні культури,OTH_INDUS_CROPS,Інші технічні культури,2019,427,"23,69","18,0244829"
Україна,AGRICULTURE_OUTPUT_CURR,Випуск с/г,TYPES_GROUPS_PROD_ACT,Види (групи) продукції (діяльності),Випуск продукції с/г,Випуск с/г продуктів,Випуск рослинництва,Технічні культури,OTH_INDUS_CROPS,Інші технічні культури,2020,538,"28,27","19,03077467"
Україна,AGRICULTURE_OUTPUT_CURR,Випуск с/г,TYPES_GROUPS_PROD_ACT,Види (групи) продукції (діяльності),Випуск продукції с/г,Випуск с/г продуктів,Випуск рослинництва,Технічні культури,OTH_INDUS_CROPS,Інші технічні культури,2021,3591,"27,28","131,6348974"
Україна,AGRICULTURE_OUTPUT_CURR,Випуск с/г,TYPES_GROUPS_PROD_ACT,Види (групи) продукції (діяльності),Випуск продукції с/г,Випуск с/г продуктів,Випуск рослинництва,Технічні культури,OTH_INDUS_CROPS,Інші технічні культури,2022,6878,"36,57","188,0776593"
Польща,AGRICULTURE_OUTPUT_CURR,Випуск с/г,TYPES_GROUPS_PROD_ACT,Види (групи) продукції (діяльності),Випуск продукції с/г,Випуск с/г продуктів,Випуск рослинництва,,CROP_OUTPUT,,2014,42850,"3,51",12208
Польща,AGRICULTURE_OUTPUT_CURR,Випуск с/г,TYPES_GROUPS_PROD_ACT,Види (групи) продукції (діяльності),Випуск продукції с/г,Випуск с/г продуктів,Випуск рослинництва,,CROP_OUTPUT,,2015,44270,"3,9",11351
Польща,AGRICULTURE_OUTPUT_CURR,Випуск с/г,TYPES_GROUPS_PROD_ACT,Види (групи) продукції (діяльності),Випуск продукції с/г,Випуск с/г продуктів,Випуск рослинництва,,CROP_OUTPUT,,2016,46230,"4,18",11060
Польща,AGRICULTURE_OUTPUT_CURR,Випуск с/г,TYPES_GROUPS_PROD_ACT,Види (групи) продукції (діяльності),Випуск продукції с/г,Випуск с/г продуктів,Випуск рослинництва,,CROP_OUTPUT,,2017,48810,"3,48",14026
Польща,AGRICULTURE_OUTPUT_CURR,Випуск с/г,TYPES_GROUPS_PROD_ACT,Види (групи) продукції (діяльності),Випуск продукції с/г,Випуск с/г продуктів,Випуск рослинництва,,CROP_OUTPUT,,2018,47825,"3,76",12719
Польща,AGRICULTURE_OUTPUT_CURR,Випуск с/г,TYPES_GROUPS_PROD_ACT,Види (групи) продукції (діяльності),Випуск продукції с/г,Випуск с/г продуктів,Випуск рослинництва,,CROP_OUTPUT,,2019,53506,"3,8",14081
Польща,AGRICULTURE_OUTPUT_CURR,Випуск с/г,TYPES_GROUPS_PROD_ACT,Види (групи) продукції (діяльності),Випуск продукції с/г,Випуск с/г продуктів,Випуск рослинництва,,CROP_OUTPUT,,2020,61700,"3,76",16410
Польща,AGRICULTURE_OUTPUT_CURR,Випуск с/г,TYPES_GROUPS_PROD_ACT,Види (групи) продукції (діяльності),Випуск продукції с/г,Випуск с/г продуктів,Випуск рослинництва,,CROP_OUTPUT,,2021,71240,"4,03",17677
Польща,AGRICULTURE_OUTPUT_CURR,Випуск с/г,TYPES_GROUPS_PROD_ACT,Види (групи) продукції (діяльності),Випуск продукції с/г,Випуск с/г продуктів,Випуск рослинництва,,CROP_OUTPUT,,2022,91763,"4,4",20855
Польща,AGRICULTURE_OUTPUT_CURR,Випуск с/г,TYPES_GROUPS_PROD_ACT,Види (групи) продукції (діяльності),Випуск продукції с/г,Випуск с/г продуктів,Випуск тваринництва,,ANIMAL_OUTPUT,,2014,47290,"3,51",13473
Польща,AGRICULTURE_OUTPUT_CURR,Випуск с/г,TYPES_GROUPS_PROD_ACT,Види (групи) продукції (діяльності),Випуск продукції с/г,Випуск с/г продуктів,Випуск тваринництва,,ANIMAL_OUTPUT,,2015,49390,"3,9",12664
Польща,AGRICULTURE_OUTPUT_CURR,Випуск с/г,TYPES_GROUPS_PROD_ACT,Види (групи) продукції (діяльності),Випуск продукції с/г,Випуск с/г продуктів,Випуск тваринництва,,ANIMAL_OUTPUT,,2016,50415,"4,18",12061
Польща,AGRICULTURE_OUTPUT_CURR,Випуск с/г,TYPES_GROUPS_PROD_ACT,Види (групи) продукції (діяльності),Випуск продукції с/г,Випуск с/г продуктів,Випуск тваринництва,,ANIMAL_OUTPUT,,2017,55370,"3,48",15911
Польща,AGRICULTURE_OUTPUT_CURR,Випуск с/г,TYPES_GROUPS_PROD_ACT,Види (групи) продукції (діяльності),Випуск продукції с/г,Випуск с/г продуктів,Випуск тваринництва,,ANIMAL_OUTPUT,,2018,59490,"3,76",15822
Польща,AGRICULTURE_OUTPUT_CURR,Випуск с/г,TYPES_GROUPS_PROD_ACT,Види (групи) продукції (діяльності),Випуск продукції с/г,Випуск с/г продуктів,Випуск тваринництва,,ANIMAL_OUTPUT,,2019,60545,"3,8",15933
Польща,AGRICULTURE_OUTPUT_CURR,Випуск с/г,TYPES_GROUPS_PROD_ACT,Види (групи) продукції (діяльності),Випуск продукції с/г,Випуск с/г продуктів,Випуск тваринництва,,ANIMAL_OUTPUT,,2020,63420,"3,76",16867
Польща,AGRICULTURE_OUTPUT_CURR,Випуск с/г,TYPES_GROUPS_PROD_ACT,Види (групи) продукції (діяльності),Випуск продукції с/г,Випуск с/г продуктів,Випуск тваринництва,,ANIMAL_OUTPUT,,2021,71040,"4,03",17628
Польща,AGRICULTURE_OUTPUT_CURR,Випуск с/г,TYPES_GROUPS_PROD_ACT,Види (групи) продукції (діяльності),Випуск продукції с/г,Випуск с/г продуктів,Випуск тваринництва,,ANIMAL_OUTPUT,,2022,93555,"4,4",21263
Польща,AGRICULTURE_OUTPUT_CURR,Випуск с/г,TYPES_GROUPS_PROD_ACT,Види (групи) продукції (діяльності),Випуск продукції с/г,Випуск с/г послуг,,,AGRIC_SERVICES_OUTPUT,,2014,,,"612,3"
Польща,AGRICULTURE_OUTPUT_CURR,Випуск с/г,TYPES_GROUPS_PROD_ACT,Види (групи) продукції (діяльності),Випуск продукції с/г,Випуск с/г послуг,,,AGRIC_SERVICES_OUTPUT,,2015,,,"549,7"
Польща,AGRICULTURE_OUTPUT_CURR,Випуск с/г,TYPES_GROUPS_PROD_ACT,Види (групи) продукції (діяльності),Випуск продукції с/г,Випуск с/г послуг,,,AGRIC_SERVICES_OUTPUT,,2016,,,"529,8"
Польща,AGRICULTURE_OUTPUT_CURR,Випуск с/г,TYPES_GROUPS_PROD_ACT,Види (групи) продукції (діяльності),Випуск продукції с/г,Випуск с/г послуг,,,AGRIC_SERVICES_OUTPUT,,2017,,,"682,9"
Польща,AGRICULTURE_OUTPUT_CURR,Випуск с/г,TYPES_GROUPS_PROD_ACT,Види (групи) продукції (діяльності),Випуск продукції с/г,Випуск с/г послуг,,,AGRIC_SERVICES_OUTPUT,,2018,,,627
Польща,AGRICULTURE_OUTPUT_CURR,Випуск с/г,TYPES_GROUPS_PROD_ACT,Види (групи) продукції (діяльності),Випуск продукції с/г,Випуск с/г послуг,,,AGRIC_SERVICES_OUTPUT,,2019,,,"631,5"
Польща,AGRICULTURE_OUTPUT_CURR,Випуск с/г,TYPES_GROUPS_PROD_ACT,Види (групи) продукції (діяльності),Випуск продукції с/г,Випуск с/г послуг,,,AGRIC_SERVICES_OUTPUT,,2020,,,"654,9"
Польща,AGRICULTURE_OUTPUT_CURR,Випуск с/г,TYPES_GROUPS_PROD_ACT,Види (групи) продукції (діяльності),Випуск продукції с/г,Випуск с/г послуг,,,AGRIC_SERVICES_OUTPUT,,2021,,,715
Польща,AGRICULTURE_OUTPUT_CURR,Випуск с/г,TYPES_GROUPS_PROD_ACT,Види (групи) продукції (діяльності),Випуск продукції с/г,Випуск с/г послуг,,,AGRIC_SERVICES_OUTPUT,,2022,,,"785,3"
Польща,AGRICULTURE_OUTPUT_CURR,Випуск с/г,TYPES_GROUPS_PROD_ACT,Види (групи) продукції (діяльності),Випуск не с/г невід’ємної вторинної діяльністі,,,,NONAGRIC_OUTPUT,,2014,,,"313,3"
Польща,AGRICULTURE_OUTPUT_CURR,Випуск с/г,TYPES_GROUPS_PROD_ACT,Види (групи) продукції (діяльності),Випуск не с/г невід’ємної вторинної діяльністі,,,,NONAGRIC_OUTPUT,,2015,,,"236,6"
Польща,AGRICULTURE_OUTPUT_CURR,Випуск с/г,TYPES_GROUPS_PROD_ACT,Види (групи) продукції (діяльності),Випуск не с/г невід’ємної вторинної діяльністі,,,,NONAGRIC_OUTPUT,,2016,,,"222,1"
Польща,AGRICULTURE_OUTPUT_CURR,Випуск с/г,TYPES_GROUPS_PROD_ACT,Види (групи) продукції (діяльності),Випуск не с/г невід’ємної вторинної діяльністі,,,,NONAGRIC_OUTPUT,,2017,,,"292,3"
Польща,AGRICULTURE_OUTPUT_CURR,Випуск с/г,TYPES_GROUPS_PROD_ACT,Види (групи) продукції (діяльності),Випуск не с/г невід’ємної вторинної діяльністі,,,,NONAGRIC_OUTPUT,,2018,,,273
Польща,AGRICULTURE_OUTPUT_CURR,Випуск с/г,TYPES_GROUPS_PROD_ACT,Види (групи) продукції (діяльності),Випуск не с/г невід’ємної вторинної діяльністі,,,,NONAGRIC_OUTPUT,,2019,,,"291,6"
Польща,AGRICULTURE_OUTPUT_CURR,Випуск с/г,TYPES_GROUPS_PROD_ACT,Види (групи) продукції (діяльності),Випуск не с/г невід’ємної вторинної діяльністі,,,,NONAGRIC_OUTPUT,,2020,,,"336,6"
Польща,AGRICULTURE_OUTPUT_CURR,Випуск с/г,TYPES_GROUPS_PROD_ACT,Види (групи) продукції (діяльності),Випуск не с/г невід’ємної вторинної діяльністі,,,,NONAGRIC_OUTPUT,,2021,,,"340,8"
Польща,AGRICULTURE_OUTPUT_CURR,Випуск с/г,TYPES_GROUPS_PROD_ACT,Види (групи) продукції (діяльності),Випуск не с/г невід’ємної вторинної діяльністі,,,,NONAGRIC_OUTPUT,,2022,,,"466,9"